--
-- PostgreSQL database dump
--

\restrict GldPkI72ww7K0EDnz0s1BGMTDXcx54vuQ031Oor4CsNmj3Mpc7vdcsKy3dLN9eE

-- Dumped from database version 17.6
-- Dumped by pg_dump version 17.9 (Homebrew)

SET statement_timeout = 0;
SET lock_timeout = 0;
SET idle_in_transaction_session_timeout = 0;
SET transaction_timeout = 0;
SET client_encoding = 'UTF8';
SET standard_conforming_strings = on;
SELECT pg_catalog.set_config('search_path', '', false);
SET check_function_bodies = false;
SET xmloption = content;
SET client_min_messages = warning;
SET row_security = off;

--
-- Data for Name: app_settings; Type: TABLE DATA; Schema: public; Owner: postgres
--

COPY "public"."app_settings" ("key", "value", "updated_at") FROM stdin;
bonus_accrual_rate	5	2026-03-11 16:41:51.151+00
bonus_min_purchase	500	2026-03-11 16:41:51.151+00
bonus_enabled	true	2026-03-11 16:41:51.151+00
bonus_accrual_on_debt	false	2026-03-11 16:41:51.151+00
notification_admin_channel	pwa	2026-03-12 16:35:36.713+00
notification_admin_telegram_chat_ids	556525624,1005574994	2026-03-12 19:50:56.761+00
notification_admin_types	{"shift_open":{"enabled":true,"channel":"both"},"shift_close":{"enabled":true,"channel":"both"},"payment_cash":{"enabled":true,"channel":"both"},"payment_card":{"enabled":true,"channel":"both"},"payment_deposit":{"enabled":true,"channel":"both"},"payment_debt":{"enabled":true,"channel":"both"},"birthday":{"enabled":true,"channel":"both"},"refund":{"enabled":true,"channel":"both"},"supply":{"enabled":true,"channel":"both"},"revision":{"enabled":true,"channel":"both"}}	2026-03-12 19:50:56.761+00
notification_client_bonus_accrual	true	2026-03-12 20:38:21.27+00
notification_client_bonus_spend	true	2026-03-12 20:38:21.27+00
\.


--
-- Data for Name: profiles; Type: TABLE DATA; Schema: public; Owner: postgres
--

COPY "public"."profiles" ("id", "nickname", "is_resident", "balance", "bonus_points", "tg_id", "role", "password_hash", "created_at", "updated_at", "phone", "photo_url", "birthday", "pin", "client_tier", "tg_username", "deleted_at", "search_tags", "permissions") FROM stdin;
a0261b03-0a6c-43d8-b5ce-77b769d0b3e5	Саид	t	-146270	0	\N	client	\N	2026-03-03 22:35:50.139968+00	2026-03-16 21:02:54.144455+00	+79287080606	\N	\N	\N	resident	urusovzalim	\N	{Said,Ебать,Залим,Залимхан,Ханзалим,"Хан Залим",Саидушка,Саидон}	\N
ac7986d1-fd2a-4b2a-883c-e2cc4e22de27	Салим	f	0	0	\N	staff	Котакбас	2026-03-04 02:41:39.131995+00	2026-03-12 20:59:40.361832+00	\N	\N	\N	0000	regular	\N	\N	{}	{"menu": false, "about": true, "bonus": true, "staff": false, "salary": true, "clients": true, "debtors": false, "expenses": false, "supplies": false, "discounts": false, "inventory": false}
6a267077-8c76-4337-9144-b24dea885f62	Тигран	t	0	0	556525624	owner	Тигран	2026-03-03 22:35:50.139968+00	2026-03-12 21:04:41.741592+00	+79287054182	data:image/jpeg;base64,/9j/4AAQSkZJRgABAQAASABIAAD/4QBMRXhpZgAATU0AKgAAAAgAAYdpAAQAAAABAAAAGgAAAAAAA6ABAAMAAAABAAEAAKACAAQAAAABAAABAKADAAQAAAABAAABAAAAAAD/7QA4UGhvdG9zaG9wIDMuMAA4QklNBAQAAAAAAAA4QklNBCUAAAAAABDUHYzZjwCyBOmACZjs+EJ+/8AAEQgBAAEAAwEiAAIRAQMRAf/EAB8AAAEFAQEBAQEBAAAAAAAAAAABAgMEBQYHCAkKC//EALUQAAIBAwMCBAMFBQQEAAABfQECAwAEEQUSITFBBhNRYQcicRQygZGhCCNCscEVUtHwJDNicoIJChYXGBkaJSYnKCkqNDU2Nzg5OkNERUZHSElKU1RVVldYWVpjZGVmZ2hpanN0dXZ3eHl6g4SFhoeIiYqSk5SVlpeYmZqio6Slpqeoqaqys7S1tre4ubrCw8TFxsfIycrS09TV1tfY2drh4uPk5ebn6Onq8fLz9PX29/j5+v/EAB8BAAMBAQEBAQEBAQEAAAAAAAABAgMEBQYHCAkKC//EALURAAIBAgQEAwQHBQQEAAECdwABAgMRBAUhMQYSQVEHYXETIjKBCBRCkaGxwQkjM1LwFWJy0QoWJDThJfEXGBkaJicoKSo1Njc4OTpDREVGR0hJSlNUVVZXWFlaY2RlZmdoaWpzdHV2d3h5eoKDhIWGh4iJipKTlJWWl5iZmqKjpKWmp6ipqrKztLW2t7i5usLDxMXGx8jJytLT1NXW19jZ2uLj5OXm5+jp6vLz9PX29/j5+v/bAEMAAgICAgICBAICBAYEBAQGCAYGBgYICggICAgICgwKCgoKCgoMDAwMDAwMDA4ODg4ODhAQEBAQEhISEhISEhISEv/bAEMBAwMDBQQFCAQECBMNCw0TExMTExMTExMTExMTExMTExMTExMTExMTExMTExMTExMTExMTExMTExMTExMTExMTE//dAAQAEP/aAAwDAQACEQMRAD8A4RUxzin49qkwaeqk8mv3U9UiCZp/lgc1OF44owalsCHZTwvtUyr3NTBOeamwrFYDFGN3FWSo703Yp6UN2KSIRGe9S7alCikIrFstRRCVz2qOd1giaWThVGST0H1rznxn8WvB3guGaO8uUkvI0LLbqfmY9h7ZNfDninx18QfjBqkdtErxw7iqW9vuC4J7+p9zXiZnnlDBLV3Zm3d2hqz9NvhL+1p8L/gL8S4fE/iQXWpwfZ5YvK01Y5Zgz4A4kkiXHHPzZ9q82+Hf7Wmk6h8JfGvwb+PFheXGkeIFE2k/2fFHJPaXSkkOyyyxZQssbEBx91hghya8m+Hv7PWq2dj5usoVncAkj72PQsc17Zo/7PlipWS4BJByCevPv1r8xzTiV4ipKe17fht+Z3QyipV96Whv6N+1D8IvHvgXwlYfHay8X2Gs+ErRNPT/AIRy7SG11G3hCiMXQeRHRsDDGMhuWIblVXk/hr+1X4V0ix8b/Db4h6TrWn+EPGN3HeWzaLfyTarp80IjRNlzeOWmLLDGHZnAG0gJsbYPTh8F/D8UIj8gHHtXDa18DbC6vYXgQ7YXDjjJ4rxFm92ayyOy3Mfwh+0p8Gvh7+0h4H8ceEtG8UzeHvDEd8bq61a8a91O+lu7SWBW+zvOLSERs/8AyzK7lyTyAtYPwq+Ivwbi8U+LfEHiqw8YeH9W1jWrrUbDXPC999nvfstxKXFrcQSSiAAZJLLuJJxwFy3eQ/BlZ9SF5NFkD5R8uOPWu3svg7pltN5kq5UdMcVTzZEwyO+7Pmn9rH9oTxP8Z/i1aeMPCFnf6NY6Vp0Omwy3Lq11crC7v51z5f7vexf7oLAYznnA860j47+LtOVYNdgjuQBgOo2sfrjj9K+5NU+GOkSofLjBwON1eK+JfgxYPE+2MANzgD+VejgeI61B/u5WRVTJpQV4MueCPiPovjJTbQt5V2qhjE/DEeo9ffFehjdjNfFWvfDzxFoN0NS0RnWW3O6OSM4dceuOorX8I/tF3ml6kNB+IcIUA7ftMQOR7uvp6kflX6Hk/FVLERUMTpLuefUpypu00fXZzmlXJ61T03UtP1i0S+02VZonGVdDuB/EVqbQK+vjKM1eJG5VOaZs9qsbRRtFXYZX2j0pu32q1tFM2CiwyDb7UoXnpU20UKozTQMj2+1G2rG2k21ZJ//Q5EJ3qYIT0p+w1KqnFfup6pGIz3p4iyOgqVVOakxgUmWkRKhFLUlHFS2OxHjPajbjoKec9qBnpWTd2PzGHjk185/Gj4xp4NhbR9DIkvZYz8wIITdwOnfr9Kz/ANoD4rz+HLc+EvDsvl3cqgzyjBMSN/CAQfmYfkK+T/h14F8QfFnxjHpGnAu0hDSSY+6mcbjivj+IM/WGTo0t+rMeZ1JeyhuzT+Ffwo8XfFrxARbxkxM+6e5kBIXP8zX6rfDX4GeGPANmq2cIe5GN0rKNxPt6V6d8N/hpoXw88OQ6Fo0YARRvY9WbuTXpkdp2xX49jMbUxEm29D6LC0KeFjteXc5WDTlIwyitBNOUDOMV1KacxGcU/wCwEVw8vcueKb6nLiwTHOKd/Z0XXArqRp4PIFMazA6UuQj25yzWQXlRUD2+R0xXTNbEc1VaPsRRylxqHIzWAY4IrHvNIjnQxyKCDXdvBk8iqkluOpqNUzrp13Y8V1HwZaMxljX5q+XPi18AovENu2r6TEsd5Hk8DAb2Nfe89qCd1Yl3YoynjIPau2hiHB3Ru6NPER5Jo/ELQfHXjj4T680MJeNIX2zWshOxvXI9cdCK/Qf4Z/FDw/8AEnSftuluY548CaF/vIf6j0NZ/wC0H8CbLxZpU+uaVEFvohuBHG7HY1+cvg7xbrnwy8U/2pp4KyR5imjf+Je4I9c9DX6Hw7xC6UlGbvHr5Hx2MwksHUs9mfryF3Dmgx4rjvAXjPT/AB14ct9csePMUbl9GxyK7XrxX6lCamlOLumRFX1INlGyrOwetJ5foa2sVZFbZ9KTZgdKs7DTdposLQr4NGDVgqabsNNEs//RwwvpT9h9al24or91PWSGquKXFSoM08gDrUyNIogFLt9Kl+X0o69BWLY0u5DsrzX4o+O08AeGpdTjVXuG+WJScZY9/oK9OPyqWPAAySa/Pf40eJpfHHiiS2tXjFpafu9wOQQnU845z0FeRnOP+q0HKO72Mq8+WOh4fr2vah4w1aXVNQcyTzH5vY+gA9sV+wn7Kfwm07wL4Fh1NocX2oKJJXYc4/hX6Cvz1+CXgAa34stRfQZ8iRTsIwABz8wPc9a/azw/bLbWsUCDAVQABxX4nm+LlUnyt+p3ZVStF1pbmqlptwQK2LTTzJzjFTRw55FbsCbYwvSvGSOqpV6ES6dGFAApraeo5xWxEAQBVkRLinY5HJnMS2qoucVlPGMdK6yZA2RisGePaxpNG0GYzRj0rNuI1HSugdPSsyePJ5oN4sxNvtUbxBhV548HFN2VnY2izDmtvlrIlt8Z4rrpVBWsqRA1F7HXTk1scXe2CSoVccHrX5iftVfBBtHuJPHmhp+4kP79FHCn+9/jX6t3EOPoa838deGbTxH4eu9GvkDxTxlTn3FdeFxDpTT6GuLw8cTRcJb9D8iv2e/ifN4O8SR+Hr5sWF620knASQjg/TtX6YwyJNGJIzuBGQa/Hjxz4UvPBXiu60OXhreQ7D7Z4Nfot+z34xi8V+BoYXJNxZ/updxySR3+hr9k4WzL2sHhpPbVHxVJuDdOXQ93AFBHNSBD1Ap2zI5r7KMjosQ7TSban8sDvTSuPumrTuIh2H1o2Gpdr0bXqhWP/9LL60UVLGobrX7qe1sOQYXJoZs8U7HGBSBDnmspSKTHBcCnUUVkM4L4k65JoXhO6uLbHnuhWIN3Y+3fA5/CvlPwRomm2mj32teJ0LyhwLYFPlYuc5A6s2c4HA4FeufGTUbu41/T9GsiQFQs5GCCXIG08Ht3960VWAtbW9lbK7Oj3LB2wiFhxjtgKQAOvJ7mvzbibGOrXdNbRPPrTvKx3fwT8ORxXUV+sYiUjcMnLE92Y9yT/wDWGK+8tNOFXHpXyF8PrqDZbwac4ZCRyepH8sduOOuOOT9d2J2xofavzbGS/eO59JhUlQSR3unBSBu71trCG47Vx1pL8oGetdPBcCGIF2HHWsErnPUg76GkIlUYFROrKeKpf27ZrwWH50+DX9LnwqOrZ6citFTZk6ciGbzFHes2T58k10UksEg3KQax5owc4pcg1JrczmXNUpY8c1oFGFMZcqQ1JxN4yMCSLPSqxXbWs6+lVJU4zUcpvC5lshIwazZV28Gtcsp71mXQAbionE7IGXMMjmsHUUV4SK3ZmxWBePlCB6VmnY7qR+TX7Wnh+C38Zw6pEMNLHtfHQ471yn7MnjJvDnjVvD9wcW+ogDIHPmL0/AivXv2obVZbs92B/nXxPBcz6XfwahaEo0bK2R1BB55HuK+94fxcsNOnUR8TmPu4hyR+0IPFKG9awPDGqf21oFnquNvnxI+D7it4Cv2PnvaS6lxV1cceRTKlXBoYEdK1jILWIqKcc96bWiYmrn//06KxjGWqTjoKM+tAHpX7nJ2PZWu4dCBTqQDFLXO2aJWCl9xSgZps/mpCzQ8sBkVnUnypsUnZHy78TdatZne2mkEszSyRMoHEQYAAgjByAPWubuPGNtotxc6MpW3hTAeTBLHYF+UZx/8ArNcBqWvLqOs6ms22HzbtArg8YQncxP8Ad3YJwOQMVhaj/aPjfx2+ju32g3N4xMzAjJZuMDHp1+vtX45jqvNOdSXdnmU4uc7H3v8As8XF94xv31Z4VS1tRsTZ9weoX/GvtxcKAB2rz34ceDbDwP4XttCskC+WoLsBjc2OSapeP9W1+S1XRPDCsJrn5XlAB2L7ZxzXx9SftajZ9bSpOEFEXxl8ZtI8IyHS7CF7+9A5SPIVc+rYxXz9qvxv8fTSATQzR7nOwIhUfQk9R7ivcPBHw3TSVH2+Q3MrnLM5z+HNewHwho0kHlNCijuB0P4V1U6tOmrJXOerSnLrY/MLX/il431C+jgtEngmRtvzudjE89jjnpWP/wALo8ZaUcxS3ETwMTIudxBHBIz9TntX6H+JvhF4Q1QNNcQR78dcenSvmDxJ8CNNh1Jrq0kKoSSQ3zdeta/XYJ2aFTwFSWsXc3/hD+1neapLFpfimEkNwJBwR2BI6EeuK/QPR9V0/WbFLq2YMrruBHfNfmvpHwfskvFubYoxTPI4IPtX3F4C099N0uKyRi20Vz1K0Zv3DWphZwjeojvZZQGzWdc34C7F6ipL8mNSDXmviLVJLOEzKcDPOKwkzTD0FJXNPxH4x07w7aNcXpLMBkKvJPsK+WdV/a78OWWrrot/ZTWcsjbVZyCvpzjp+RrnvH/iDVb6aWZFZyOUxkgds4r4o8U/D7xBq3+mRWc0jNneX6n0wK78LCm1+8MsS6sXakj7Z1H9qrSIZZICpV4mCnpjnoc112hftC+HtTlSJ5R8/wDeyvPpk8V+Z9n8EvinrEqwx2MgXA2M7YAA/E/rXU23wj+OmkMskmnv5EROz5gdueDkHqK6nDDv3dDkjVxUXdo/VzRfFmk+JIHm02UOUOGXPIqad8qa/M/wz4k+Knw3v4dUvLMvGHP2kZx8nT7uOMduea+9fA3jrRvHukjUNOfDr8ssZ+8jdwf6GvKxmFVP3obHuYHGe09yasz4r/aDgs7zXzp9w+13HHOPpXxDf2F1BeG024bcQc19tftY6fLoXibT/Esa5jY7W+or541n7Naayt1ZEAFXdGfDja4yvPqM4zivocukvZxkj5LM0415Jn2z8D7+4vfh/YwXGC1vGI8jvj1969k28V8r/sya1cX2i31jN/ywuGI57P8ANj2xmvqzAIr9mwNX2tCE+6LpP3UyAZBqdTu61GRinJxzXUjVjyuBVYirdRFPStosg//Uqt1I9aFXbTiATml4r9tlK57iYAZp2BQBilrKTGAHpVbU79NM0u6vHTzNsTfKeAeD1/wq6uRWR4jSM6FeGYAqIXPPTgGuXF60p+hFTY+BdF8PxXt5qWqSsEtrFHkyfl3sCOBx2yM9Mk16F+zT4Zu9d+KNjfaguUQtOynpuxxj8MV5HZ32pazrM8llGgt0UbkBOCS2BkH16kewr7s/ZZ09bjWbvUFUARIAABj7xAH6CvxTMJ8sJInL6d6iufcW0KuKyDaxQs0o6nrXTJAXwBWdfx7FIHavmNj6aMruxy134gisJUtovmnlOETvx1PsB3NcX4l+MHgjwXdCDxxrRt3Iz5cALEE8AHbkgntnGa4f4kW/ifVNQTS/DEwsZJ1KyXTBjgdkUqDgnrngVrTfs56br3wnu9B8JzwjW5jHcrcSEea9xCdy5ZskZPTsDXdgqUZ/xGGPlKjBSpq5yWoftP8AwiXWpdB1XUrywuYm2lLiKRGXPTcCMjOQeRXSahrtre6KfEHhnUYNYtMbiEdS4HqCO/sQK+LIfhb+0X4k+Kp1fxAJ4tWF0txJfTxxoqSoAu8uFGQFUfKCQcdK+lvHvwk8L+GNKgn8MzPZ6lGgSSWA7VmOOTIi8HJ56VviKFBK8XqLAVcRKS5o6HTeFtdstVuYrm1OQ/8AnFfXPgp0jZN/TFfDnwh8Ia3HdR6jqY2x5yQpwCexweR7ivt/w7EY0UHivLhpOyO3NZ80bG3rrAysV6V434odJIDG4zXrWrPuBA9K8X8SbnRlHBxxWk2Y5ZFWPnDXdWht7x4l49e1XvCvkancD7NbNebT82zG1fqxwP1rwH4o3+pQ6vIu5hEGwWXq2OwrZtfiv8R/CPh3T723ii0jQLmcW0s6Qrc3KJtY+YqMQuSeMGujD0XV6nVjayoLmsfcWm3ElpHh7AJtHQMvH4ZqW48S6aWEF4jQE8DeMA/Q8ivyi0L46fEvUtXuJNZ8X3sDC2leARWu4NdBsRQOuMBXHJcdOlfVWrfEH4m+Bore0+KUEGo6XcKoe7to9siFl5WWMkA49vwrqll1ldO55tLM6cpcslY+hte0DRdct3W5jDZ6EgGvCtD8GSfDv4gRavo+46fegxTIAfkJ5U89s8V6N4H1S31GxD6bdC8s25hfOWCn+E5549+a9DksvtEQSQZGc81wuq4pwZ6E8NCTjVgfPP7UHg0+Kfh3NcQjMlmfNHrgDmvzPtd0mm20JbM0uEUZ7g9Pzr9qPFGmJqnh6809xkSQsv5jFfiFqFmbW8uNMkyHhlcKM4weox+Vepk9RuLgfNcRUEqkai6n1p+y7cTWuralp12QWuArrjruGcj8K+1j0r4h/ZiVr7WZbnYNsVvh2PXfv+U/iM5r7g2mv2bJJt4SDkebQ+FDR0pCPSnYxxRXrqRrezGg06mmlBzWqY2r6n//1a9KOtJSjrX7S3Y9tIfSilA71Kq5FQVsdB4Z0I69qItWfy4lBeR/7qiu+0aX4P8Aie9ufCNifMuYVIkDK+GHQjcflNY3hKMQeHtXvuQ3lhAR16E11P7N3hWwk0u41C5jDSzyMzMevoOa/HOMM2ryx8sNTk1GJ7uHwtGOCni6u97I+VfiX+zb4F8B3B8R+G1li+0nLwtIXQkHgKOo6889K9P/AGctPVLHUdXZVQ3VwflQYVQowAB6V7T8afDkkeg3M4yEgVmjLeuK4L4EWC2XgS2dTuM5aUn/AHia+Vq1ZOnyyfU56UIuSqQXQ+hLWPPzVSuLMTOzN0Na9mRs21ee0BXd61gqegOpyzPPbvQrSbh1zzkGqQ0V7dGEEzKD2GK9CmtRms6a3I604xtsdUMU9meUajo2pyuzLcuc+vY1yx8HTTzia9laVlPGele1zW/OCM5qa303cchaHrudkcbKK3OZ0LQ/s8e1h+Fd/ZKluymkithAMnrQuXbHpSstzgrVHUeo3VACrSDvXkerR+ZMSOcGvXrxC8GGry/UYWW4bdxmm43OrAu2h4L438J2erDIjKvjAZeP5VkeHtOs7fQ5vCetWgurScYZJQGHsQeCCOoINe3XNjvyX5rOTTgJMqKcZuOiPRlyy+NXPF/CHwW+FvhPxBHr9tpkk88T7kW4kZ4lbqG2gAkjqM55r0Lx3cf8JbpcukzWqPHKp3qyE5/OvQ7S1z161tixUjpW0MVOKscsqFJPmUT5M+Gvw01Twrqck1qfIt5Tu8pd20fQMSR+dfT0MQKYYVr/AGLuBTXtzGOlclVuTubQlFR5UYdzBmJk65BFfip8TdLWz8eajGqnKzSce4PH86/bm4A2nFfkz8UfDd9qPxf1XS7VdzNKXAA7FQx/lXoZVPllI8XPKbqQhbuer/svWySaTqmrGNYzc3CYVBhV2pyF9BknivqnJry/4GfC6TwJ4fNx4gvxHaXK+eflyyk9gAemPavcbO18PeINPfU/B98t9HEcOMYYfhX6hlfFOBjTp4Vuz28jz6eWVo0+Zx2OfIpMDGakbg4poyO2a+zjI5Wu5GaQYBwakJzweKTbnvWqkFrH/9ZqjjFLtFC9KcOtfsp7LdmPCCpVGTikHFKDg5oBanpfgRVutM1bTW5Lxbl/DI/rXuXwLsIrDQDgDAyGHvmvnr4d3iw+JEglOFuFaM/U9K+l/CsP9i6LconH7xq/GOMaLo5l7W2klc9T23NhXQ8zz39pvxBZaZ8OL0zSLuYFUjB5JbiuS+Gdqtj4P061QghIEHHTpXzh+03qi6h4isfDo3vJLIHIycbQfT9fpX1F4LRE0O1iTokar+Qr5ardxT7nZSpKn7keiPULPouK3VjZ0HNY1goIFdhZWnmDJ6VcNUceIdncxZLWRhkGqM8DAHIrvWsEEYNc5fxLGpY9BTlGxjTnd6HKCJc/OcVWbVIInMQOTXNeK/FNpo1q7lhkc15t4M1K717UvtUxOxjn8KxctbHu0cBKVJ16miR7ksjysGz1rq9K0v7WrED7tc3bfZtyhnAr0nStR060tjjBJFb0op7nkYyUoq0EcfqFk8YMZ7V5lrduQ2R2r1PVNVtZ3YpxmuO8RXWm3NpEIfldQd1KcUtjpwM5Jq6POoWSYlG4Ip5tyM8cVE1qzSbrfrWVb62v9oPplwcOgyM9652e/wAvNrE6W1tgWzjpWxHHzxVS1ddgIrZjGVyBTSOGrLuVvLGeRVS5CbflrTljJHHFZE+QuDzQ4kQZg3QIUmvj/RPDZv8A9pXVbzy9xitDIO4JdPLHH419e3cgwVrwbwrf2mm/tFTCVwrXunhVB4+YMf5gVpQ0bRpiF7sH5n0zovhW1g8PbZlDErtOR29K+M/BwuPh58YLzQ4ctb3EhjK9sN8wP9K/Qi2MbaZJGwr4q1K0jvPjHLMV5Rxz7Af/AF6wqXi04nfk9R1PawqbHX6xaCz1GWFem7P581lbRXReI5ll1eYr0Bx+XFYQr+hMtbeFpOW/KvyPicRb2krdyLaKhPFXOtQsO9dyZkmf/9doOKepFRU5a/Zj3HEtUUUhOBmlYheRe027ay1CG7U4MThvyNfWU1xJd6VImn5Zv9YAO+ea+PMFua+mvBeoy3Xh+3ubdwJUHlN68cV+dce4S9OniV00O/Da6H56/tCrrr/EeCGZWExh3DZwY0U5Yk/Svr74aan/AMSa3s5SMrGpHP8ADgEZ98da+PP2ltYWy+I159ofbM8Ma9c5AbpxjAzg45zwa6fwB4sh03Q49V80rIVxt3fLtUYAx64FfA1KDlTi4nTDE2rTcup+iNjcJs3LXX6Tqi/dY18y+DvG6apYJL0EhDcn1Fen2eqDf1zXLrDc1qUVVV0e0Nchk3Z4rzrxLq4giYA9KrDVJWXhq8/8U30ggIzkmlOpdBhMIozTZ4Rr1ze+M/Fi6FbE+UpzIa+k9O8L2GgaTEkfySEYXjk15doVppvhyKXWZCpuJCM7iO56V578V/jtZaPo7ItztmAIjZcdcYPHXA/WnRoub0PQx+MVkk7JHK/FPSfjjZ+JYdX8La79n08H5jGFZQM/xq/X8K9d8OfEDxLZeH47vV2jvmRfnlt+FJ/3Sf5HFfmL4h/aP8TSs0Fu6FHUK+V5xnkjJ6n8q2/BPxhuY5hHbs8GnvtMqA7mLev9K9L6o0rHkvNIzex9syftH2N3rD6YI3V1OCpHP5U/xjr/AMW7/RvtngG2tXkKlv8ASpNpx/sqOv5180eLPHWgaYRqkWmebLIeJ/4sepH9a47Wv2iNY/s8S6fMBDCEXb0PPUH6Gp+pu90dMczpxXvo+lPgr8VfiV4gvbjSfF2ms80LFDNbofLB9C3I/WvRPiGdR0sxeIQfLaNuR6ivOvhJ8TLrU9FhvS8SsJSjJEoHTnJHcMK+jfEVtZ+L/D7iIh1dSpHcGuPE0eR3sethMXFtOOzIPA/ieDXbFLlXyD1HvXrNuwKda+LPhlPd6Hqs2izn/VuR+Ga+uNPnaSENmuaJeLppvmidDNgLmucvGAQmtaW4HlYzzXJ3d2zHaOcHmrvdWOanDUy72QLktxivgP4xas9p8XNI1e0JBtmTcVPUFsfmK+4fEl6lraSOTjgmvzB+IPiGTUviLb2zcCK6jZu4KgjB47VthKfM5Myx9ZU+SC7n7M+HNZW60nH3ty5yfcV4haaap8caprTrtjgA5P8AeIrqPBWpSL4ekv3yEEYxn6VlarcJa6UkI/110xkk9cds11ZLgHjsXTo20vd+h0VJ/VIVZx66HITSNLI0jdWOaiBwaDSV+8xiopRXQ+Pk7u7JMiompaQ9KYj/0Itwp6mogKfX7Me6TbyKQvkYqPBowetILFhCCte3/CkBo5lDfdbp9e9eFo2K6fw9r13od19otzweGHqK8PiHL5Y7CSo09+htQnyy1Pnj9rvw5DJ8SLWWCJWeWEFyOM4OASf89K+Wf+EimtPKsbeUyeUoRinRWPfr0+or6N/as19b28t9SSORX27YmBH3u4zn1NfKfhuB9QmkuSqpOXBmIG0KV6DgdMAZr8ulhqmHXs68bNGNeX7x2Ps/4aeMbifT7W0LcAoDzk5A9u1fY2k6jb3B8u3O7jqK/M3wPdwR3XnXhclHRW2n3OMdOOnNfenw/vI5tNV4yc5OT3/zivExqs7nrZfU5/cPaoZiiMTXjvxD8Tpo0LXsjAJGO/TPau+1O+Sx0x5S23C5Jr86Pit8RpdavbnToZcWsDZLdQ+7gH6A9axw1F1X5G2Jrexi31Mz4lfGvV7+I6XozGNXG8Pzzj/69fMgbxR4u1UW0glndUOdqk7ev9eprYuNRhF2oJ3sgKHI3ZA4GPQe1fXfwP1bwp4K0qfW/EaR7p04OB364FetdUl7qPNo4eeKfvM+EbvwVrMEudRt5FbIxuU8/j296vy6FroYixtpiI+FKRlhkd8gV+kVrrXhvx/JNe6erxqjdBCxVVHc4XGK9W0GfwlpMP2SAQsoI3hguCT+FJ4trodtPIFL7Z+SK6j4iltnt9ReRlK7TvBIzwcfXjiuU8TfaTPtWNRtY5dBgPnkBh6+lfsbrz/DeeN7eTTIXLHLYCjk9/Wvivx98HtPvtYuLrw5BJFF98LuyuT1/KtaeJv8SMMVkVWHwO58reFfHniHwluW1mKbchUBynzDBP1xjBr64+GX7TF1EJdF1k/u5UUrIGOQVBBznPUYzz1rw7Xvg5La6Ob+DKbOoPUt7DnivFbS0lhna3mba6nCjpk1pNRqKx56dfCtcx+u+i3uj6w0OtadIrM/UjvmvftLvlS1Uk9q/J34R+PJtN1C20+8m2rI+1Rngdua/RfTNVEtusUcnfafwrxsRQ9nLQ+kweNdaPvHqVxqi7gFNcrda5FDeNCWB5wQeuPWsz7cisyqc7RuP4V4p4z8WWWl6m16/UKF64wx4BPtziopwctjStiFTOh+KPiZbfSZDC3zYwuP4j6D3NfAfg64g8VfGzSwY1dbq7WMh+nynkn8BXsXxM8SzT6JE6v0Ax9c8Y/pXFfst+FW8U/HJLlVxHp8cly4bs33MfXLV6VGn7OlKZ4uJquviIRP1N1ZL3UPLsIlSCzUBnC8E45x9K881O5+1XjuPug4Uew4r0nxR/oOmkwnBbgfSvJ6+24Iy9Rpzxj3eiOvNa97UY7IaR3ptSUV9+eLYjoqSo6SZKZ//9EC84qURikVCDmrAO1eRX7Ke5e+xDsAPNBUEU48nNGPSpuFiMIAasheKjCk1OQcVLYHgX7RNpbT+CIvtEZf9/jcOq5U88++K+QNM1BdJspLeRgilFfO4EsrYAx9Tz7Cv0K8f+H4/EnhO905yMmJioIyNwGRmvyenuo7e4KuoJXCgY5XHb86+G4ooWqRqdzCs7SPpfw1c2rNeRvEY2IQK+cYKjt2wa+zfhjrTwWqWbSYbALZ+lfAejy2s/mTTMyrJGpAyWDFR6A/X86918LeJhqBe/kZoxE2CjDDAAZ3ADjjpivgsXT5kdmBq8sro+v/ABvrtzc6JNbwfceMgn/CvzE8Rsv9pSabqBaPefljOQAp5z7k9819rP44km0FrlQXygjQsMYHr+Ir4l8Xu1z4gG4tJOTnpkYPas8LHkizrxtRTaLOleFJL12h0iFppAucLkngV5fqXjrV9H1d9Mlti0kL4/e5AGP9mv1o/Z8+H1vo3hyDUr+BDPdqGPH3V7D/ABrrfG37Nfwo8ZasutarpSSXQOWcMybh6NtIzU068ZSakdMaFRQXI9T8rfCXxI+I11qQbStVudOBAG21laNSPQqDg/jX0dp2jeNNTR3vtanmeQBiXAf8g2QPwr768J/Az9mrw3aW9rceG4o2jb55naSQkn1ZmJx7V7lB8EvgtqasbDTIniK4DRyyY/R+K0lFS2N6eYSwv8SnfzPybuPCHjzTon1W11FLyMjmOcE8jsNuMfnXhXiTxz8QtBvGaeKOJG7LuAAHXBya/ae0/Zo+G8FvdLYfa7WOWQtgTFgB0xhs/WvEvi7+yd8L9Y0cWlpqdza3DAlZCyyDP+6AKza5Tsjm8K/u04u5+S8nxfuLjeGkYjnernP5V5/fWk96g1S3jLIzbw3fJ96+wYv2GrxvEggvNaR9MB++sZWVs9sHgfWrnxr+EenfDvTLO00A7oCNu0jnit4VFFo8zE4erOm51z438KLNDq6vdsoXI69cn0981+mngHU0vNJgMRLsUAB+nr71+cOmWkE+oebtyVfkHpX3J4S1U6Zp1sIyAxQIAv8AeznIoxkeaKPPy2XK22e0arcnR4ZLm4kZQ4IwORxzXxv4y8Vf2xfvbKwKybtuTjIXkD8e3vXsXjvxJcppb4OWXOBnqcV8Z3Es8l5KGc+YTgZH3d/I+b2PFRg6WlzbG1rvQ1/EfiNrnQ4YbkHeiYIB6fX3FfQn7H/2/R59V8TQGORZXW3yxIYKo3HHGDknn3FfDuvXkkzCcEKx4YDgk98iv0r+A/hx9H+HemTvgNdR+e67cHc5zz68V9jkeWUsZOUK6vFI8mhUkqnPHc+j9V1i51ZgZeg7dqwz1qYDAxUB6199hsNDDwVKkrJHVKbm7yCiiiugkKjp+RTKSM0f/9KwelKBmkPSnL1r9jZ7cdhdopaKPrUBuSLTz0qEkIDI5AUckngCvB/FXxz0awvv7H8PbZ5Vz5kzsAiheTgdSf0rOpVjTV5s5sRioUIuU2eza3qemaVpstxqs8dvFtILSMFH61+SfjC307TfEsqWbeYqSFhIfuzKxZg4HbjaMVb+JHxd1jxpqz/bpC0SMQgycKoPYZxXk0msXV7cu1yQ/ZfYV8TnuPhirQgtjhli5VbO1ke0+HdRMhUTSqiHkp3CqenvwTX0Dot9pl8qtagqhwu0DBJz3bvjvXyR4S1Sytr8R3i7gxwGGMj8819aeCZtPESXCbGjmjcgOeY2A5bjr7V8diIdDvwk7HVeN9SjsUntNIkw6IqKzgcFhyMZ/KuK8KeENV17WII7IskZKmSQgZGOwpt5Bcxy/aL1ROJMN5nbb0GK9z8J3Y02OO10iJo7jcuRn5cD7x/M1yyXLFo9GjLmmmfb/hq3i0fTYLJCT5SLknqeK7S21G3dsTEA+teR+GZ764sRJeuWcjOTVbxPqdzY27PHntjFeVC6kfRva57nMthcRlS6sO4OK56PdZzN9klaL/cbFfBXib4k+JNEvpUgnOGPAGeB715Bqnx68TRN/wAfDr8+C24gADGR+ufpXq06TktDilmMKV4zR+sRv74xeWbiQqe27isGeCQHftB92Nfm5onx78SXiNJY3bnyTgo38WByVPsa6bSfjT4s1+R7c3QBIHHYE050ZLUqnmsE/cR9v3UttZMbu4dWIHQV81fGeKfX/D0lymAI2yuelXrLVNWv7QS3cmTz07gd6z/G2rRweG7mxkTeNozu9+4rhSfMmdGIxHtKb5kfDjaBPHqX21o12LwdvAOa9o0meNNLTyjtlhUnjnBxXkviQXNqPJgnZ0BMuOwyMflTbXXprfPk4jZEO/0ORj9a9Plc0fNU5+zbRc13xVc3twlpEpfdgM/TAz1z/OvLtTae2svt0zbVl3YI7gZx+FdJeXEU5aZZjh0JCAY6dVH1FeUeJ9ZlO21RsKqgKvUYrajTsYYmpYt+DPCl/wDETxNbeHbDEb3MhLsx+7GvLN+A7V+vHhvTRpOiW2mKci3jWMHHUKMA1+K2ma7caRdLcWZXzT/Ewzj6elfUXgP9ozxFogjtb68+3p0MTR5x7K24N+hr7rh/E0aMHCWkmeYsYqUveWh+k3tUB6mvIPC/xl8La9Chvd9lK/8ADKML+f8AjXrUFxb3UQmtnWRD0ZTkH8a+rjNPVHoUcTTqfAySmtTqaTVdTTdjaKXBpOlUUf/TsgZpwGKMYqjqGp6fpVu13qUyQRL1Zzj8B6n2FfsDkezKcYq8nZGgK5Pxb430HwXpkuo6tJyg+WNeXY+gHb8a8Y8dfGS8s7ALogW0FxuMc0x+baONwUZxntmvlLx34x1FNLs7Zb37TJKDPK+cli3QGuHFY6NFPueLXzlXVPDq9+p6r4j+Mt/4m0HU9Uvne2tVxHBDHgDJPU9ycH1r4w1bxDNPI7QMRvBUHvg9au+IfFd1d6XFpIwAGLuR3J9vauKhilncRRKWZuABXx2YY+WIkoRZxUacveqVnuSWNld6rci1tgWY9T6DuTXsvw0+H9tq9zf31yfNTT4s4B4LscAZ9hk/lV+90dvAXgeK1ktsahq2DvP3gh6AfWvYPh7obaF4I1CyKhSWUSN/efGT+VFHALXmWqRy1cY2k46JuyPm7xZ4Z1j4f+J5tLvUaKWPDpuHVHGVI9QR0NekeGvEcUsIdjtCoQ27ucV97fFj4YWXxf8A2dNK8WaSqHVLC3VhLjLusQ2NGT7Y4r8pbS/lspJLfJU8qy/pXylKr7W6e6PpqtP2VmtmfQdj4sRJo2hUGOT92sfoc5zmvbvBniq7XVbW3uHGzHz8YLHPb+tfHOkXnmSQJGN/kndt/SvefA+uXVhfWdxqCedBkbQB0AfoWHuPaitSvFmmFr8slc/V3whbpcWeYwRkA4Pauxv/AA3BfqqPjb3x614X4E+J9hq0MTQKI1yyt2Ax0x6/XpXuFt4psFQkdVGSO9eJKm4vU+qp1lKOjPk/4qfCnWLu5aHSYgAwJCjqw/2j2H618y2P7N/i68j/ANIRsOzFi33R9AfUACv1Vl1CyvrbzzhmI6jrXE3upSWbOkiboQfvDkfSumGJlBWRf1WlU96Z8H6R8A/EpnWzjgVCpJBzwowcnPqa9F8Ifs+y6Rqa6nc5TG0mMfdIHUEfWvr3S57N7c3G3jI5/wAaS58QabaxyxXLgLHzx6UqmInPQawtGGp5tp3h1LGIny8hQVOfTtXz78R7WC3WaGdiqOuDk9PQ19Gax480u2ha4BAUKchuhr4o+JnjG31CKeeEj5wRg/Wnh6Um9Tmx+Igo2ieEeJLqO3jIV8kZ2n1A965Oz1D7VKJFAw3HWszVZ4bm3kXdyPmGDxz1Fczp96j2pjeTayHI/wD1166hZWR8tOveR1WpXVpBKJDIQkZJCg5wxHNeQ6jcPc3crKCxOT71bubh5TIwYhVbIX61gSS3NtIl3ESDnIP0renA56tS5nFznNX9P1Caxk3wnDdM+lXNUtYJ7Ya1p6hInO2SMfwPjn/gJ7Vio+wg+ldKbjsczV9GehaN4nbSbwXd3JK+f4Ucr+Zr6b8JfEnXbK3TUdHe4tYnHHmKXiP1I/qK+KFcPJufmvWPDl7ei3Vf7R+yrHjClmJ/IZr38qzCafJJnn4mm4WnTdj710L4/XEQWPxNabhx+9t8MD74HT9K9t8P+PvCfiaMPpN7G7HjYWAbPpg1+c9vqEUqiaK+tmlTuVaIn6sMVsw3axuLoLAcckpNGTn1+bn9a+ohiQoZvWp+7NXP0yHTikI4zXxB4f8Aiv4j0PYLe7jubcfwSvnH4kn+de9+HPjN4b1VltdV/wBEmbvkNGfowzj8a6o1oy6nt0M1pVdHoz//1PC/F3xqW00wT+FLZrnz2ZIpXB2nbwWA6kemeteM+KtR1/UNN099fuP311umfkEgMcKAvbisvxdJe22k6VZXNwIPLtt21T3ck9FpvjSbTtDvbLaDO0cEIG/gAnnp61+m1K7d2z5ivjquJced92eZfGzW7G212PRbMOv2eBEGT7V4dcXUsyGeVs4AH4Cuo+LV9Pf+OruaYBD8oAXpgKAK8/WVhbSFuR0r5DGYiU6kk2erg6SjRh6GTcSvPNv7mvoD4VeAob7VbaXUpVQMc4PXAGT+leN+HNLXWfEdnpmdolkVc19i+H7LSNLsdQ1YOzGzhIOwDCu5wOTWmWYdSk6kuhjmOIcI+zj1PA/HWs/2n8UobhZC1rHdRJGvZVVgOK+k7C4n/s++hlzsMjsB7L1r4xuJtvi23kk+YC5Rs/Rwa+3bW0ObqGUYLyzIPb5NwH5iu7L5c86phjIezjTS6H3H+y9qVprfw4u/Cc6gi2mZ1VuT5U4yPw3BhX5t/tD/AAQvPhr4vvLq3Vp9PmYukwXhSxyQfQe9fUfwC+I8HgrxVpd5qq+Xp+osdNnboELnMLH6Px9GNfYHxj+HsPiCxmUx+Z5qFcEZA+o7ivz3Hp4HGzi9nqfZ5e1jMIr7o/ACyuhDMzRTbHHQevtXo3hnxT9gsL23hJkuSqmDGPvMcOxz1wvQe+a6v4rfBy88MatJdWcJKOMhVHyn/dx6eh5FeAy29zbuyyKUb34Irvp1Y1FeJxTpypuzPt74WePLi1tYrW4bGwFcP/Fzkc+x617tffETXpdKW+t5I8XQYx5yGO04OD35HH41+adt4h+zJDBFK5VVKuo4ILE5Oa9Zh+JlzqOq2kU2VsbUmGJCcbE24H5Z/E5rGdBM66WLaVj9LPAfi+e+0IXl1LmZeGA+vWrGsfEWxin+xW/7xEPPbPcmvgTQvilJpM7QRS4+6Rk8E471FqPxLW/uZwZTHt3YKnjGDkfiax+q+R6ccxSW594T/ENJo1/smUJE3DjPfpXjHiv4g3VpdN9oDK20xEA5z6GvlS38balaiNFkLo3IXOMjPJ/z6Vh658RLrUdTu2lfKzK21N3Tggbfzq44WxhVzFyVkz2HUPiXfwwPDdyB4kU8HkgNXz54o8YpqRkhswUjJGCT6Vwt74gmuT5e44I5OeayZb9UjMQG7nIauqNJR2PNq4qU9Dba7uJbdo5WG04471SmvoiSkK5zgflWDJeOxLDjPWvTfhl8MNd8d6gkyKUtC6qXxnOfSnKUYLmkY06UqklGCOdl0S9j8NN4pkX/AEaSYQKT3bGePpWfrVkU0O2ucYAbA98ivoD9pzTbHwPa6D8MtIz5drE11L7tLwM/kT+NeR69AjeA7K5U5xgY+ldGXy9tCUyMdH2FSNI4DTLz7I+GG+KQbZE7EH+o7Gq+oWH2SQNG2+KT5kb1H+I7ioYG/hNaUMiGJrO6P7tzkH+63r/jWl77mdjHT5Tmut0C309JjPqDsR2ROCfx7Vy88ElvN5Ug5/nnoR9a6zTH0q0e3N4HlJJ8xQdoHpzXThVaSZz1/hseg6brOjqwii05WBGBvdif0rRtNQ/0jbDpCMDwcK5/rXM6br99aXLNo6KgX7oChjj6kV188XjsXETGR1EuGU7wo559a+kpVbo8mrBJ9ESx/bjLtj0NTnjkMv8AWrkUPiOGbyxDbW656EqMfrWJdWOqSXJTUb9I2BywkkOR+WaW60rRY5RLNqiHgE7EZ/16Vv7R9DJabP8AA//V+DfiDLo1trMFpNG7+XbwqWY4H3fas34n6rdXs/8AoUSwxiOMjK5Y4HGM9qo/E3VLOLU7d1iWS4EEJbJ3dskYHHtVzxtqmsX2oLcXUSxxiONmRAMHvyR9a/Qak7pnyNOP8N26M+cvia0LeKHnR95kjjZj1+baM9PevPEDPGEzgE1v+M7qK78S3dxAuyMuQoHoK5pHYEY7V8hiJ3qSPpcPC1OMT034e2+mJ4usJL2Qxosql2HBA9R9OtfQYSafwrqcWlyboGuQjsDjIG5l7frXy54Rlll1fpnKN2z2r6D8L2t5f6FqVpGTtSNJAOgyDjP5Gvbyz4Dyscv3nM3tY+a542OuRRjn5wfwzX3TFdf6QL+XPzT28x9NhG1zXxpdabcW/i2CBRzIAwz719l2WlT3Xhq2nzl7i1MXHPzKSw/MqQK1y2HLKbJzCopRg0VdT0y8uvC2t6TBn/RJRIg6EBT1B9e9fot+zT8W4/i98NIU1aQNq+mqLa8B6syj5ZPo45+ua+EtNU32oW8bttj1K08uU9vMTKn9RXm/wn+IeofA74sC5ik3WV04hul6ArnAP4V89xVl/PFVorVHtcL4zknKhLZn6XfEn4bWephmni32z5yAPmQnuK/Oz4lfBOXTLqd4AJ4h9xv4jkd/pX7K6fcaf4h0yLULUrLDOgZT2IIryDxD8O7WSSYQxgb8nGPX0r4ehXlTdrn2tfDQqLY/BHxJ4a1jw3fK92mEPAbb1+orm5NQntnWWH1yQe9frJ4z+EaX5mtr+N3hDdRywPqD2r4u8a/BHWUvGOnRtcbQS2RhsCvap4xS3PDrYGUdUfPeoaz9vdJYhs+XBA9akW7uLe0M+D83QGo73wxq1kzvHGSq9u/HWsWWW4MSoc49+1dkZxlscLjJblqe/uZQvmO3TAGaqGV3IyckHAzUQlWQMSclRVRBcytiGNmNXcknkcZ2j8T604bnb5BXWeH/AAZq2vODHH36V714f+Bslxd20d0jtFkNKT8vHcCsJ4mEN2b0sLOexx/wj+FUfj3Uv9LLCCLaWGMbsnGB/Wv1W+GHwx07wrYolvCqRoAUGOh6Z/Kqvwm+HNtoGmx5t1hRB+7jAHyg9TnuT1Nd98VfG+n/AA38A33iW6wDFEViXpukIwo/OvnsXi5V5ckXofVYPBQw0Pay3Px9/aW8QL4o+OGsyxtvhs3FqmOmIhtOP+BZrmNSMV18OtxXBgkCjHTmvPZLq61K/udTvGLy3Mhdie7MST/OvR9OaSbwZrFkSNkSJLg+ucV9rllNU6Th5Hw+Zy55+18zxuPg1b4kT5qpoQHBPSrjjA3DoawuWjQtJY7pRZXZwyj9y+Oh67T7H9K6rRrKMaZem6AEiKOCOc5rg/L8xcp1FeleFrmPVopbK6J89o9it/f9Af8Aa9K9DBO8rM5cUrx0E0z7NBZXO1CzeWDnPTmnxsLiwlkfzD5agr8/9O9WdDiidruFsn90f0q3on2aawu4PLO7yTjn0r10tNDgqO13bsczb3DXUzPOf9XHnjvXUaVfaVcaTKlvpr3EkB3NJvONp9QK5zT7hIp3YIP9Ww5rV+Hckr22p+XzuiJIx6GsqVWSmo33HWS5W+1j/9b84/GJ0t7yN7W2CiaBCNxyeO/vU/xO1C9OmWt19xWtY+F4HAxXPXGo+clgzRK+YR168E1a+Mt5d/8ACO6W7gqkkAXGMDivt6srU5M+Yw8ffpL1PlO8czXDOTkmoYlZjSkDczGlh7n2r5OUW2fSaI7bweksF3JcRnDLG38q9r+H2pX16NTtlLFTZnIHTO5a8H0GR1E7A4ISvbfhlJdRabqssZJzbqOnqwr38v6I8fHLSUvQwb+yex8bJDf5Q/Y8rxk5GDX0L4J1lJ/BEYsm3vZXLIAR6/vE/XI/GvIfG1tNYeM/Dt84O27hWPJOM7129fxrc+FOqtbDXvDpUNMFEsZHPMR5x+Fd2Hly1JQ8zjrLmoRqHqssv2CFGiyPIu1uU/64zAHH04Neb/GvSbODVZZbbJyRIGxxhhnivTTDNqMElsgyXia1X/eU+ZGPxX5RWd4hjh1fwtZO6eZKqG3lduoZOn6Vrj6Cq0nBmeCrOlWjJH0D+xv8d1nsl8AeJJDui4gZj29K/RiYQ3Sh1ORX891uNT8D6/BrFpmNWbcjD1B5X8K/YH4G/Fi18a6BDFPIPtCKAwz3r8gzDDSoVGpI/WcFXjXgpxZ6vquhxvN9oXv1BGQfrXkvjD4aaPqMLXtoDFIww6r3HfFfQbgSrzWdLZocheK4ozcXodzhGWkj8zPFnwi0yWRhGy4APUYIr521L4Mac9zJEZCrZ4wARX6/eIfB2j6lG0l9Dnjqor5T8deCNMgybDAZem7g/nXbSxDuefiMJE/PC7+EEtvMwjlQIvduGP4VqeH/AAFe/axvhVUHdu/pgV9IyaUZybe4iG4Hgg7jXsngv4cLfKJbqFSf4S3/ANaumWJlaxzRwcW7pHlXw1+HdxdtlCYwrc4XA/D2r7B8L+B7OyhTzsyEHJJHU/4V1HhnwlbaREAFC+oFdlFAUOxOlebiK7Z7GGw6ith8NuojCgYxX5n/ALdXjz7TfWHgKxlysCmaZR6npmv0Z8XeJrDwf4fuNa1BgqwoSM9zjgV+C3xA8S3XjPxpf+IbptzTyMR7DPFbZTh/aVOZ9DnzjEKlR5F1OGtwNgI9TXb+E83Wia5bclmtCw/4CwrkLfywFB7Nj8xXoPw1ZY9dNiU3LfRvAR/vDivvMHB89u58Bi5XptroeLpksVPWrAJHyGtXxHpE+i6nLE4PyuQR6EVCii5iV1U7+mBXPKi4y5WbwqpxUiKCOQXCrEM+1enaTY6VDdRrayksUZmUrja3oDnmsbQrCEv9kbaZ2BbdnlQB0xWz4Xgil1lYpXwSGA+terg6Kgk+5w4mrdS8i34Zjto72bzCeY3p/hWWzTUnicEK0bj68Va8P21r/arwPJ1RxWDpJii1ZUDc/Mv6V2y921zmk1LnXkjCSaKK5kAB5DYre+GtxcxtqCW/eE5rncJ9rKt6kVsfDm5kh1S7gj6vA4Argpv99H5nRiEvZP5H/9k=	1992-08-21	5757	resident	minahor	\N	{тигр,минахор,тигриц,тигранище,животное}	\N
20ba08a9-c5cd-4e23-836a-d914b449a41b	AMOR	t	0	0	\N	client	\N	2026-03-03 22:35:50.139968+00	2026-03-11 17:06:14.123193+00	+79187256438	\N	1990-04-03	\N	resident	\N	\N	{АМОР,Зара,зарема}	\N
848cd19f-ba4a-4f55-acb0-4bde2fc3aff8	Neo	f	0	0	\N	client	\N	2026-03-03 22:35:50.139968+00	2026-03-11 17:11:01.516861+00	+79895268906	\N	\N	\N	regular	\N	\N	{Нео,Вадик,Вадя}	\N
1af9d12c-f0d4-4417-9c48-7c1e458d328a	Kai	t	0	0	1005574994	owner	titan2024	2026-03-03 22:35:50.139968+00	2026-03-12 21:05:48.997074+00	+79933400666	data:image/jpeg;base64,/9j/4AAQSkZJRgABAQAASABIAAD/4QBMRXhpZgAATU0AKgAAAAgAAYdpAAQAAAABAAAAGgAAAAAAA6ABAAMAAAABAAEAAKACAAQAAAABAAAAwKADAAQAAAABAAABAAAAAAD/7QA4UGhvdG9zaG9wIDMuMAA4QklNBAQAAAAAAAA4QklNBCUAAAAAABDUHYzZjwCyBOmACZjs+EJ+/8AAEQgBAADAAwEiAAIRAQMRAf/EAB8AAAEFAQEBAQEBAAAAAAAAAAABAgMEBQYHCAkKC//EALUQAAIBAwMCBAMFBQQEAAABfQECAwAEEQUSITFBBhNRYQcicRQygZGhCCNCscEVUtHwJDNicoIJChYXGBkaJSYnKCkqNDU2Nzg5OkNERUZHSElKU1RVVldYWVpjZGVmZ2hpanN0dXZ3eHl6g4SFhoeIiYqSk5SVlpeYmZqio6Slpqeoqaqys7S1tre4ubrCw8TFxsfIycrS09TV1tfY2drh4uPk5ebn6Onq8fLz9PX29/j5+v/EAB8BAAMBAQEBAQEBAQEAAAAAAAABAgMEBQYHCAkKC//EALURAAIBAgQEAwQHBQQEAAECdwABAgMRBAUhMQYSQVEHYXETIjKBCBRCkaGxwQkjM1LwFWJy0QoWJDThJfEXGBkaJicoKSo1Njc4OTpDREVGR0hJSlNUVVZXWFlaY2RlZmdoaWpzdHV2d3h5eoKDhIWGh4iJipKTlJWWl5iZmqKjpKWmp6ipqrKztLW2t7i5usLDxMXGx8jJytLT1NXW19jZ2uLj5OXm5+jp6vLz9PX29/j5+v/bAEMAAgICAgICBAICBAYEBAQGCAYGBgYICggICAgICgwKCgoKCgoMDAwMDAwMDA4ODg4ODhAQEBAQEhISEhISEhISEv/bAEMBAwMDBQQFCAQECBMNCw0TExMTExMTExMTExMTExMTExMTExMTExMTExMTExMTExMTExMTExMTExMTExMTExMTE//dAAQADP/aAAwDAQACEQMRAD8A/SWO6JQ8YFMe6BAB6+36Vz5vI449zNtHv3rLn1VmGI/lHQ+vFfPOR6aR0VzfxxjaDknnjtisee7+cl+vXp2PNYD3OOp+9zVOS6z0IOeKjnHY2pLpWPy8entWdNOD90gk+nas7zvOO4HHbNMM/l5x8x7n/Ipe0CxbM/lcOBn0zVu1v8Ls7DoR6/nXKXUzOpkQ5K/yqta3rCXP8JGenQfl601WsS4neLeRqfx9f6VeS5UDAGa4NrshgR0BrRhuiGUNx3/OtadYxlE76F4tu5eD3+natPcARuyuRkfjXFQXyIPmb6V6r4d8HajqEYuta3WsB6J0kb8D90e5GfbFd8KiSuzBxb2KNjbXWpT/AGewiMsmCcD09STwPxr1DSPCtrabZr3FxMOcY+Qfgfvfjx7d63LKyt7KD7LYxiKPOcDqT6k9SfrXQ29uABWkajntsS4KO5Xhtc8tya1YLVcZNWIoe+KuqgXtXTCNjOTuRLBgcVJsFS4AFBfBwK3UTGTsOWFR8z/lStJ2HSo2c96gZ6qxk2Ss9V3kzTWYmq7yKgBYgZIAz6noKpIQ9mxVWZvkL8Bl+YEnA49fanklyVQZI69h+JqBwB8xO4j8h9BTKSP/0PsyS8klbdI270GePwqqZjnHf8qqNL8oduvTn1FVTJ5mQpxz3HH0/KvmWj1EzUa7ihXe3zN2XnH51nrcGSZmk78AdBj/AD/9eqpYJkMQx5xms+W9VTgnjnGP0rJyLirmw955eQpz/nNZUl5hivTHOBWJc3w5GeDx7Viy3r7cbsjH41zzqmsaZ0Euot5gIJ57VCL8yHbIQPeuVkvu56dvrUMFzPNMsEQLSOQqqMkszcAD3PasvbGnsTskvQercEmu08M6Prnim4+y6HEXxjfI3EaA92bGPw6nnANdf4K+CV3ctHqXjYtBGSCLVCBI3/XRudgPcD5uf4TX0Ppo0uwjTSNLjWCKEcRINqqMZySeue55Oepz1tYjlMZQXQwvCXgXTPDYE8h+13o581xhUP8AsIc4x/eJJ7jGcV6LBG0mGPeuNuPGnhvTrmSB7yNpIdvmAHOzcQPm7DHfv+Vb+leJtJuUSVZUKtGJMhhwhAIYg44x36V14Wpzy95mFSDir2OqtkQOVJ/i2gY74zW7Eu1wGGcjNctL4h0G21S3s5Z4hNeKWgUsMyEAltg/iIUZIGTjnoKuXXiGxtgoVi4kVjGyjcodSq7cjPOXHHfafQ179FaHBPU1pdRhglClhgkqOmWYdQM46dz/AIGrlpfpeIzQ8qDjv1/z0r58g1e68c+LD4Z0yWONPKE09xExLJahlaIRkAYacMJC2SNrYBJU17kwh0qxWCxj8sQhVCIOApJTP0Gck9gO/Arrpu5nUhymwWyaaT3HUVUs52nt0nmAjlYAuoOe3OOezHHFXK2MHEj3gjcOc1EzVMVIPrnmq4/ecx9PX1+nrVXI5SGZ5BGRFjeeFznGfwBNQ/ZzI6vcAADn1Yn6jpg+n+NWwFj+71xyT3qJmPei41EHfgKMADsKqOc9KlYZ5NQsCaVy1E//0fqtIhtHncA9B0qCSVIgQAAAefT/ACKtXVxtX5sZGTwPpXNXdwuCWOM8ce30r5uasejF3C5usggH/JPrXP3Fzlcg9qinutxbf6H9ayJ7iLY28nI6AD37+nGTnnoOO9cdSR104kzXDlvLHUn8eaybi6U984/Kn2drqOs6jHpulQPcTyNiOOMFmbA5/LnJ9MntX1T8P/2fLKzEWq+O8TTHDLZRt+7X2kcfeI7hTt46sDiuGTudN1Hc8F8EfDrxT8QJz/ZkflWitiS5lyIwe4HdmHoM9skA5r7I8FfDvwz8O7P7RZr592ExLeS9cAHO0ciNT7cnuTivTba2hgjjs7dFiiiUBEQBVUDjCqOgHbFfKX7afxXv/hF8DLvVtK2/atRnGnRMRnBmjkYkf7QRGKnsRmphCU5KMd2ZSq82+x03in47+G9H1BVtbuGeAIxd0JbYYQHmB+UjKKyeYvLIGDEbQSfz1+KX7aurzXOo6H4J3STXpjUSplHE5cY2hw22MIAsgZSd2AjAEk/JXxg8Uf2F4b8PaHZO00l9pMWo6j58cfnJJeSiZkSUAsUZEhdGJLBG2kgFlr5f0vxFBaaguozEblYO3BGcNnYu0qRkcE7hgZwM4r2cHlSkvaVNfIitio0/cpo+hb/9oHxzY6XdeCNWux5VxKJRIsKSNErhmYpISsjFw6nfu5AAwRjGPeftB/Ea+U79W1CWXC+bLFcSglYl2xM21hkoDgEk4HHFeU+MfEnhW/FtcaNaE3EsC+fJcTvKfMUbDgFIwOVLKMuAhQE7g2ePgvblJEkwq+W3YBWP17n2zX0NDDwiuZRszzK9aTdnK59Jax8Y/iWwhW81O8gubeZb2Dz3aOdGmRHWaN87/wB4gRyyn5jtbk4Y+0Wv7Xvxm8aS2Bv9RSKa0mknefHl5kkAXeVHyfJyVVEX5stgsc18aeHPF9x4Zv4NThgguliyHjcMA6sMMrFSrYIOPlYEdRg813y/FPwtcXQvZPD0CTiSQ4MsxiMb/dXaz5+TOEO4kDHcZrpaeyiYwcd5SP1u/Z//AGmvCvhvRrm+mdr27t3u7m7kOGkmO6L5I1G5mAjy0YVFAwzfJHHIzfWel/Hvwt4msVl1PUIAuo33kWtxCxAMcl3LFbZfLBDII32A8ttY4BxX87FnqeqTTLNopWGGIq7hY8xgj7u/IbOeR82QenTivqKz+I9jr3w3/wCEFvtbtbW40+0iggVxcSx3EM7CXb5n3ontpDukjCmJmVQikAEbQoJKxM3zO5+2HwD8bTeKTrdnqC+ZeaVqt3ZncxaRUPlSgsW9C3l8Ej93wW+8fpZmVW2gZf0HbPr6f5xX4gfsJfFnxG3xHvoNfll1CfUoQygyBJJ5N0cPm5dlWQgMzSEncRvcncOf2y0e8j1HTYb6JCglG7aRyCeuff1qKqtKxDhYsNA0i7pCCw5A7Ajnvn8/yxUeSy5q9tOKgZdkmD0fp9fz9PQdjUKRLiUylN2VcKc8VQ1G+0/SNPn1bV547S1tY2lmmmYJHHGgyzO7EBVUDJJIAFO4JAVABLcAdzWBqfiDS9L2QTl5LmbiG2iQvPKAyIWWMDdsVpE3yHEaA7nZV+auV1nxNe3kEl7BOnh/SlYwtqepKI2LiRU/0a3l2g7/AJwk0+FDBGSKeJ814d+0d8X/APhmvw3HqHh7Rpry+1uSSM30zM6+YmXUXExJfgyMYYQQAgdY/LVQKTlY2p0XNqKP/9L6bvrkFNoGAP1NcjcStycn+ntXRX7hV7ccfjWTpehaz4nvP7P0C2a4l5zt4VfdmOAo9yRz78V85W0O6kzlLyaMHCEqcn0xXoXgT4SeJ/Gipe3Zaw0uQ7jK+d0mAceWn8XB4Y4Xk8k8V714L+C+geHtl/4i2ane9QCp8hMjoFP+sI9W46YUEZr235pW3Mck968mpK+x3Kdlocz4R8FeG/BFkbLw9BsL4Esz/NLJj+8364GFByQOa7eOILx3pkaAjirqqM/L2qI0m9WZymRTSLBGXZguBwScD0Gfb/PWvwN/b4+K+teMvFK+GVY2um27Jc/ZfMEgab98UmJA+U+VKPl6gHnkED9o/jVrc/hz4e6priXcWni2tpD9olbaI2YbVb7r7juIwgGXJ296/mR+MXjR/GHjbVPEKjZHqNzLcqm4sUE8jS7ScDdjf1wOO3p6eW4fmq872RM5Wg/M8sv9TuLsFbhy8iY65J2qMAc9gOB6Vyr3DZyfTg1rfYbmW522wMmRnjPPGfTt+VOPhzVXlETRMpPOGU9+c8+1fSxcYqxwSUpamE1z8vmMfnPNQx3k6tu3Hp3rqG8F6yoy8RwT1/P/AAqjfeG72wwJExnnp6en51pGtHa5EqU97E0F48iYdsMeRyD7U43zq+X6j06cVyTF4nxnae9atlLvJSXJyOoGe3Tt+NdMZGPKd5p/iPUfLFoZpNjtnCtyWPHP+FbVpdSZWRJvlB5BGTkYrzmK4kglKgbcjaR3HPvXT2s3nooRgXPGMBfxJOBj61unoaRgfQnhLxPrOia3aeINAlFvqFtMHt5AfnR1YuHIOR1xksMH0OK/fv8AYT+IfiDx18F408WzPPe2d3PAkkzlpZokWJzISRk4aXaSc5wPXJ/my0bWLWNmutXkY4P+rTrI3X5jnp68gntjrX7if8E1ta1LVJNeubqZDbXMcUkCckqvmPhRhiqBDuUKRlhggBUrmqu5vOPu3P1fNRMu9SpOPeuN8d/ErwL8NPD58UeOdShsLINtV3JZpGP8MaICznvhQcAE9ATX50fEX9pv4qfFYHTfh3FN4V0GUDFw+BqVwoLBtu0kQKe2358gEMVYiuSdWMNZMilQlUfun1R8b/2sfhn8FLd9PumbWNeAIXTLIhpFYKSPOfpEucdQXwwYIVyR8a/C7xh8Vfj98Rbfx/8AFm5+z2Glv9r03Q4Bi0gkXasc0veWZT86NIW8tslNuQF+fpPhhbW1v5McLeXIdrtgtIxIODkDLHPbgAEnHFfYnwCs7iHRZBfR+XdGVbYq2BuaNclhjruByccDBHY1x1MamtND1I4KNKPNuz6M134LeHvif4rj8deN7q41S3tY4hbaZK2LeB0Db2CgqHEp8ssG5LKQWKYRey+NPwt0v40/DLUPAuoFEmlUSWsxUHybmPmNxkEgZ+V9oDGNmAIzWF4X+I3he08VjwI99E9+FYSRIwJjKhG2vzwxDgqO4B9MVzfxQ/ao+GHw11uXwTp9wdX8RxhS1jaZZo92cGZ1DLGBj5s5YAqSoDKTrSrRlH2l9Dk9lV9pGEFr0P/T+4fDHwk1PV0F74nZrG2YZWIAee2e5zkJ/wACBPH3ec19BaVo+m6NYrpuiW6WtupztQdT6serHA6kk1yHw78bw+NnvdOeNY77T2TzkRmkjMcu4xOrsiE7grBlKgqykYK7Xb1+OyKn5hyK8CpRlPc7VJR2MdLc/wAXSrcVuFxitXyMde9WLe0lnbYgxnjJ/P8ApWH1XWyRXtTPSAY54Nb9lo8soDz/ACIPz/z9a2bLTILYhz8zjuf6V5j8dvHd/wDDz4Z6lrujBmvhGVg2qWZXbgOFCtnaecEYPQkCumOEjTXPUJU3NqMOp8D/APBRn46WOi+CYvgx4Zjnkn1lszSW5BUrHtYRMCpY5ZlbKEH5QM7Syn8xfgB+yT4r+KmoweIfEVvPaaHM7fvAiq8ig4JTf8oAb7x+u3ODj7N8J+Er/wCNHxndNPaG6sL6RX1OYwQSbggbzGDKm2EzFnwI2AG9wWkb5q/XXw94O0jw7o0WlWEKxxwrsRQOi8ADPU4AAyeSB9a4amOm06dFW8+x6fsYULOpq+36n5/3f7D3wm0fSnfwsLqzmbaQ+8OrKG3FT0ZhnBO5iOBjJyT8z+NPgTBoFw1rd2+S/wBzgcr2wAOOOcD3r9gdZ0V7ezlSGMfvOHQ/dJPByeu7uDxz1rxPxJ4BXV7LZc5m8zJKkYwRn64x/Ce4/GvIq1qkXq2eng68NppWPx71jwZYRESLFzn7pGccckZOc/1rxHxZ4VS4dv3W8FTjI5GD35/pX6j/ABL+BxsUbU9NlBiYjEbfeUjrg7Rnnjnn17V8i+J/DU0Mz2LrkqecKdpAJ6eoOe+K7MNjNb3PVlhadePuI/OHxB4Smima5gUlB26k8Zz7j+Y96y9LsbeTZbMpV+TuP8R7fkK+xdb8FXKPuhXcr8n1PUjjr0Iwea8y1L4bXJv1udNUBiRmNuPxU/wnj6HoetfR0cenG0meFUyaUZ80UcXb+A7u7hDwoJMjAKMNwz69envjt14zW/4QHXI5RCYnRyOBg5/w/WvpnwDo17FIH1K1DBFZQZMoflUqD1OSDyBu5IwN4r6E0vw/a6hF5dygwQd3GOvHHHXiuSpm06TtuerTyKlVim9D8u9Ss7zT7o2t4jRyJ/CR19/88V90fss+I9O+E/iWLxPY3I1bXkXbZQCZ1srdpUUPJL9zzXUM6bfuZG8M67c9N8Y/gTZeIPCFxr+hxBL/AE1PNwuN0iKMsu3ntnt1x618/fCfxQ+kgaRZabaySTEDzmQtMcHOFIYDDdCGDD0xXqYbGLF0ueGjW585jsC8LV5Hquh+qo8Daj4n1/8A4TPxxfXGuavOPkmuSGWFd5kCRIpKRgE8bBgEHbgHFeg6b4Nnup1ttPiM8qnGF5Vfqeh5PQfiR0r2j4e/De71vwjZT6yWhhkiDjeAZMEZUnIIyvBGQRwOpGT7xpmg2GmWvkabEsQHDEctn+f5/lXG43dzlVW2iPn3TfhJoWk2suqeMJkZI0aSQN9xUUbm3YHQAdAPzJr40+Mfxem1zxN9h8BzXFhpdj+6k3KIpZSp2vtQg7FbA4cFiBghcYr9Qb6IYMcS59ef5mvxn+OfibVdd+Jmvjwzp3lWdpffZ7uWUmOV2i8pJFGyQqYg0e5SR0Jbg8Vl7FTdpI9TLm5zfc9G1rxH4PPgb+zbbUrq31u/QOL5WcPbSSAhpHEbLuKeUW8+VyGhZo3I8tAOT8DeEfCfwrgZLbSZjrGA8t8x+1vNu+8DJgMgPRgUQZ6ZI3V9rfDzwd8Obb4K3fgzVZ7bTrIwm5e/YxqyzR7dl1K7/K0sbJG3mOPmIBKhcKPj/wDZT0k+ONVvfD1hf2xu8vCb13lkRIQBGVtoGCjnj5mEY2yYzj5WrGVJRpr2av0tsdeChGXtJP7Or9P63R//1P1e+D3w2TwFoj6NE7Tb5Hnd2C7i8rFiOAPlXIVc5IUAEnFexfZGU425qxokTSQGfG1Wxgn0reCIv3amVGIudswYtNH3p/yq48KmEwp8g7EY4PYjIIyDzyK0iFqPbU+zS2K5iCGQyqcjDAkEcdvoe45HfB5r83/28NSe61PQtEG+EWqyzB4gS7SSABFB2NsI2kqwb1yAPmH6RlBG/nKPZhx0z1ycfd5PXpngnFfmd+03cWGvfERUkkCm3ljgCox3S7sfutpUBgOSzMSoB4OSFPLiaEqkOSJ14SqqdRTkem/sraBZaV4KguLeAxNc/vDvyXO35clyWycep47V9gNMsmABuyenXmvIPhppB0rQ4IvL8obPuD7qg9sDPQYHpxxXok9/bWsRVzk45H+c18yqbg2melXl7SXMi7dzxxwfvMH19q8U8W+KtP02cwwFjjLMeO2eMdecenajxr470/SkCXEyRI33QWC5YnAP69s+9fHnjP4m6ZqNztlvEIIwApwMH8vXHNYV6cqi0R3YDC3d5HofjjxZZXMUfk7ZWKBzxnAGcDjOD24HtXzTr8MXiGeaaaIJnnI5bj1GBlhj15rVvtbs3DTR3ERUx4GDnnODjqOOeT+fY4X9o2N5FIVcKZM45GP88+lc0KHJqfW4WioLQ4GXw7b3DecVByMknA/Hv36VWTwbbXCkSAKqc8YB478885r0mw05YLVRcMWwOGbDMTngcdfQnrUvmQsN21eOOO4/DuK25mtmeg0uhw1r4etY3IKZ46jjBxXR2emPHD+6OO+cj/P9altmiVWniwRyQG54+h/rW3a3djaphztKn5unB9MVErsU1ZHVeEYGulMd4gUldrKSDkdMcdR/TtXyP8GfAi+EP2u7LwJOgCDUA1v8w2LEymZBgsmfkIAw3ytggMRtP2V4f1TTpLmNldd3HcHIIB6g+nOPzrxfxrC3hv8Aaz8GeKULKJpbYhohuYlZCp6lQQQwDcnCnOD0r0som4zlB9UfKZzTctbbH7Z+QkSAv26AD+QqhPC5fJyqtwQM/h3wO+cD054rXR43QSAEswzyOf8A61V7iJXRhcYKnqO3419A0fFpnJ3cbYKRAY9e1fnR+1B4bsfAXjOw+KBCG210rpmoo3JaQIzQyqpODhFZHz0ReFJJI+8PFfjez0Z002zja8vpTsihjGXkIIB2gAn5c/McYXq21ea8h8Q/s0xfHKC11D4yGWE2ztJDa20gVolPZ5FzgsAC4QkZAG9gAayUHN2ij1MHVVCSq1HZfiz86fGXh7U/jXoi+DoruS2SO5heInzZHlcAqXVWLPJIyM4wuCzEYwBgfcPwD/ZL0X4a6PDe6yPsQVlllLEPcTSKeSW5WNWAPyoWkKvglGBFex3msfBf9nbTfsWhWkYvZ0IRIgZrq425OC7MZHAOQGdxGpI+ZQa+SviJ8X/GnxDllgvJWs7BwVFrAx3upxxLIMcHnKJhOSG3jBp1cTTw8bS1Z6MKdfHu1BckO76n/9X963x0FRmnE96Y1UxIiJNMBJp78Ak9KiG4/d4Hr/8AWqGMk8wL1/TrX5LPLeeP/wBqS50a3iVI4b+SLZjlfKZgzBgBvUiNxkk4UgdAMfrWg7Cvz1+BPhFR+0V408TNIHh0+4vQp3Bv3lzctkdAQq7HVcgcgnkYpc3LFsqKu0j7A1G40zw7pryzt5UFvHknk4wOmBkkjsO/Svgz4h/tA65q2pS6Z4Kj223l8SniWQk8bSeEBGM/KTggfLzj0r47eMkvkk0hJGMSiTKRtt3MPlOSO4GRjI655IFfFF5q6aJpzzwgISMiItwp64LEjPf1J5IBNfNV8RGU9EfTYTB+7zTZ4Z8UdK+LnivU5LyXUY1hQARh5HYhMHAJKg5HIOAPYAcV8vav4e+KUUrRxuJUQscxtkc8H73Iz/k19OeKPFWt3chmsrZVSRASX34DY7HcoPPcDFfO+veJtSTzDLHGfmwAjkEnpgkl/r9P166GIqL3VFG8svoyXNKTuYmm2nxM063Dy/afKOcjJIHHTnJz7Dgnr3r2TwVq3jm3nS3ukeVTjcWyBuZguMnPoMHOfx5ry3QfiJf29ytq25Bn+I54P+evfr0r7q+G02m+ILaK5nA3pgPg9+vQfpxSxVVtWnFHq4GlGilOnN6dCVNZube0VZ13LgcgZGe3AHANcV4l8bw6RB9qkLbDg429+vb09ePwzXt3iTSrCOFoZAFRjxgcdDnP49q+U/iO1jbW32S6YBGIOSMkkZPGeOT+FePCMXPlZ9D7dOm6kdGZnjT4j3mmeGrbVdNmxJeFxHEUwfLycO2eRnjAxzXhkPj74nam+LTzXJAwQmDxzngDnHr2z+HZt4l05rqC0hKR7FVNwXJVAeOmSfU+57Zr07SZbO32ZinkVe6qoB+m5hXqU5Rox1hc8arGpiZ6VWl5Hmelv8arSRbmISgRZkwG59xxk8jsa+l9H8Un4rHwxa6/mz1vS70wuyRGdmhdGbzPL6kIVAbIPXIDHIqPQr3TbuZYUZwzMFIZcdyMZBIGfcjJ4r1zw94Isp/FdrfWsKS+YEjdZD+72tIgkLZDYAj3jBRv90mohik5rmik/IWKwKhTbU2/U/Y5tRt7Cy3XTKGjHz4xjIGT3OOOeT0IzXMyx654lJit82tq2R5hHzkccqD/ADOB7MKzfAvhvwHotg9v4dSyigtZSHjs4lit45sYYKkY27x36sBjOARXl/xA/aS0vTJ5/Dvw7h/tS/jLRvMMi2hcYyJJRwWGT8ke4gqVdoyc1675YLmqM+Cp0p1JctFXPWYLH4e/B/QWvb+dLaOGNElubuYvK4BwnmzysWPLYG5up+Uc4r5a8f8A7RniDxTCIfBA/srSpMhb64TEs2AxK21vJgs3C/NICATho1BD14Treqax4k1iPXvF98NSuoG3xiRB9lhyScRwNlTjoS25mXh2asid7jUr19QctNcy4DzSHc5AGAAT0AHAHTHA6Vw18a2uWGiPo8DlME/aV3zP+v6/QzHiH2iW5uJJJXlOXmmJaeXHALsxYk4GOScdBwKhdcIfIX5TknFb6aXIF825ALE56/mD6fz+lZGp3NrZp5f3n/ujr/8AW+tePPXU+vwlPmaij//W/djTb5L62WQde496uk5OAM18w/CHxZqukape/DHxjKP7W0MrHkuzvc2uB5VxlsliQQH+ZjnDMQZAo+nVdXQMnShPoxtWGY6FuSKbmlJpoOaTEI88UC75mCj1NfMHwu8mHRfFHiqBEB1XWLxlkR2bzI45DGCSRxht4G0Yxj1xVb9puHXbU6Br2kTSxpDcNE4ViE3NtKAgd2AYHOQQKh+Alpq5+C+lW2ueaLmTz5JBOrCQM0zk7t/zc9ie3515GJxM37Smltt80ezHAqnRpYnmvz307WZ4t4/8N6pd3DS6Xa+ccsQFcDLsxOCSfU5Pt3Hb88fivoHxmtXltrPTGtTOWxNPGxA28kL94KuR1PXqeK/cm00mxSMwygAtzx69Rz1ryv4i/C218UaTNo9+u+CcHeWCuB7gODjoOn4Yr5uniJUpJuNz1oV4y/dt2P5wPEngDxvq299dvXnZZNuwlsZOeSOgGcDAHc8V54vgiezu90zgAptUDLc8c8nknHbj2HFfpV8Vvgdc+B9Skt0nka0JJVlJ4UHjd1xx6HjgV4TH4QspG8vTrcuT1YjJxnrz7+9fRUsz54+69DppZLCTU9/mfOWheGtWiu1aN5JXUghXUHpycdxj+lfeXwRs9YZxdX6ECU7sKMADOPy+h/pTfBfwysYSJdSTmQ54XsO2P6D+VfTmj6NYaLbCONF4PG0Dj14HvxXNXr+10R6cMPHDq3UZ4l0mdnBikKKMYjCjg5GTzyc+mK+IfjdpF6stvKnKqSTj3GB+Xp17V+hfijwt4nbRoNZFsyQSjAJxllXJzjr2r5p8WaPaa1bJHLluMFDwMknBB7//AF/avL5/Z1eZHfRj7ahyXPzjfSfEREq2twiyNyjD5B6k9Dn6nn8q3NPuPiPZXNvDc3VyvljDsHEgbBJ4Ukkk5AzgfQ19M6v8PoPMN1DlkJLMD/e/vHPPc89/XmqFh4OilcIrsh9+RzzzznkH3r2YY+LWqX3HEsofNfma9GcZ4T8eePYdSFpc2C3tuDtdimH2kgZDfd5z0x054HT7/wDCuu6dBZNreoWxubOCB55YGHLxhCWQg45YZUg+vPfHiPhvwwlo0bSOr7cBhgAHk46df8819IQ6Ja2Xha/1K6QtEltKZFHG5dp43c9q4K9SM5xcI29Drr0/Y0nGpJu58X/E79urx/491a00bR7GDRPCNkyRf2Ra4UT2qAIYJZAoHl7dwEaIsYU4KvtBr7O03WNI1rRra/8ADwRrK4jV4PL+RAjgbffpxg9O4yK/JPTvAuufEfxbqdn8J9HvLy2hM1zFbqPOmitUJKmQqOoGF/2nKquWZQfrL9kDx/byNL8OvEDltpM9huyeuWmj+97bwAOfnJPQV7mOpXjzLofMYdRiuWKPsCHSZrwmWbhRn5m6fgD3/X6Vca2tdOjZmOwDr689c+x/M9zWpe3+1vIs1yyfTjnjnoPpXG3YBbN65dyPugdyOMKevqCce1eNJHs4WDqPUrXmpT3B8qyBjXoGxz17Vy8rwwI0kX7x8ZZienruY8flnpzit1bPVNULw2kMkoVSzrFlsKv3i7AHAGOew7461qWmk2lpE2+SNpUHVTmJTwuxSoIZjkklSQAMbmzgQ6dz6WlOFCNuvb/M/9f9ZPjt4R1l7e2+KHgiNn1vQAWMKME+12hOZbdztYkYyy/K2Dyql9pHdfDvxrpHjPw7a65oswmtbqMPGwIOOzI2CQGRgVZc5VgQeRXobt618eG3l+BvxZTRoVK+F/Fk26yICrFY6hj5oOTkLcf8s1BwGAVE5dqyqPl940j7y5T7AY1R1C/s9LsJtT1CaO3gt0aSSSVxHGiqMlmduFUDkk8AV8YfH/8Abw+DHwGtZdLaf+3/ABDGQv8AZtk4JjbLA/aJsMkW0qQV+aQEj5MHI/I3x/8AtAfFT9pq4i1Lx3qAj0oMHh0qzzHaRsoK7mUktI4yeXJwcgfKcVUpJLmISu7H6PfH/wDac8DfEnwLqkHw6nkvoPD95bvPdFDHbSM6SkCFiQ77CpDnaByNuQc19PfB+H+zPhL4ctZX8x00623OHLhmMYYsGbk5JJB/Svy2+GHhdNV0m+8PWsKg39sbYAKjFW+UxgIxVMZCrg8BScA19m/s9/FnR/Fvg2LS7aTbLaRgCF2+dEQlOgGMKTt9vpjPgYmo1KU+jt/kfQ05xqYalRW8XK/zsz6Vv9YVLhiueMYwazRrN/fhYoAykdflO0cdzjp/jWEH8+4OWGA2MjAHX0+mK1GuIbW3IDZ69Mfl+FeHyc0mzqjFJIzb2y0Oe0mg123juAAVcui7SGPp8wwBxx/+r4S+KuheEdH1RH8OW6wcfPGDwWGT93k+mT/9c19C+O/EH2ON0DE53MAT90nPPPqMgflXxj4uv70eZNcgiBlzz1wc5/Dsf8eK2hScT6rJcI2/aOWnY5x/Hn2PU7aytlUvIdqr1JOeeM549h2FfbfwL+Gus+Ip18Q+JYmh0+Fg4WRTukOOAAe3GT2/GvmP9kHQ9B1T4i69431qKOebSVgisUdtyo828ySFTnJwgCnPGWr9GbzxugheR5VBHy7UxwenSu5WVoo5s4xL5pUKMbeZS+J2saXJbGGHdnIGCo+6OMDt2/yea+CdZ0FTdXEcbFtxO0DHcZGB9D9a+rfEWrwa1CUiyByd2Rjn0I9x1/lXjms6RaLdG43lcc4yPrz6/n/U1hXo3fMisqkqUOQ+Z0umS+ksLuILIvqTyDwMH049+ciuq03QrHUl3XK4YZJ2gA47c59K6HxzpFnPpranIMSQuuwjjO5gpX8Rz9RVrwpbQvGI5FJZeucndnsOv+R9KSp6XPoOdOnzo1vD3hu3tJPP27uwyfXtjuK9WnjsU8N30GrnZbm1lEpj67Mc4PY46VlWUbIF2DcsgDYA+XPIA7fl9KxfiNqUGieCdVu5W3RtZzIwB53uhVPzYgfiMUox99Hg4yftdGfU/hrwv4N+GGh2mi/Dez/se2vfIEVlECzPLKPleZjFIfNCgFjIWb5cAhQA34y/tM/DXUvhB8VovG3ha3/szTtZlbUtPjBib7LMjqZYCqKqII3ZSibcLG6KSWDY/U34Qalcx+HNI8TmWO91C5topWcxwzOrzqG2OIZImaQIpKgLk7yD83XB/aL8E6P4r+C+qN8W9Rj0eBGeexaed2CXqeZ5JRVDtI20tA8YDMqZbYDgp7dJycm5dT5mlajUUVr+f3HjPgXxpF8Q/Cdp4i0tRH5yESRJhnjmXiRAo+6M8hnwcFW4zXWtpaxEtNyrckDnIGOSe/TPYcnr1r4A/Zr8f3HgTxMfDt/MRpmqkL8xIWKccJJ0PDfcPQchicLX6GSqXYbzjPJJ7/QfjXNUp8srH09KMqb7IyE3+W1lDu8pipMecIdn3Sw6HGTjpjJpJLYqFEh54GBjoD+WPbpXRRWUspZbcEA/xf1Aq7HYwQriIF3A5J5//XScTSeJUWf/0P3adu9eb/Fn4b6J8Xfh/qXgHXfljvYiI5cZaGYDMcq4IOUbkjI3DKngkV6EzcUzfzzUN33Gj+ST4nfCfVvhz4y1DwZ4jgNve6dM0MgXO07ejLuAJR1wyNgblINdt+zxpU2oePrPwVcXsdja6rL5YmlXOyYqQgBGD85wvBHzFTxiv2S/b5/Z6j8f+FB8W/DsO7VdEhK3ign99ZLliQORvhJLdiULZJIUV8nfs8/sf+HLuzsviJ8erp7HTLsrLYaVEStxeR9RJIw+aOFgMLt+dwchkG0tzVZyacDopqPxM/Rf4Z/C/wAPeFrA2Xha1ae4dCrXLAGQ7+4PAUZ5yMDqeuc/l5petzfBD9p7xB4VsY0jtTdSpDJcKQzoCJVxI6qTnkqowGIAVnXY9fp740/aKsfA+6OwRdL0izUbp51xuPC8s7AAliMliSffOR+FXxt8f+EfGvxYv/FXhK8nQ3DtJJPKX2SyNudvKIXMagkrlz025zkuOOOFcouEtb/mdNKuoy5kfuNoviK3vLT+0VYeWwUgj5vvc54zwM46cY6+le+19LlG+U7SduTxnPf8a/MT4G/HGXUNBtvC11+7trdXikmdyw+cyKnJGBubC4GARzwFr7RsvFX9q+Tbws0SzBpDyrHaQB1HHVs9SOnrXkrDunNxke/SipxU4k/jR47tCpIZCMjpzzyORjHH518Z/EPUoYrURKGL/c6ZOAfrwfcf/Wr6+8T3AFtvcB8qc5479OeePXpx0r4H8e6qbXWvtF3LuY7mWNxtUjPP+0MYOMqc4ODxx0OnzSsj6fKq8aVNymw0/WPE3w6a51HwxMzm5QpMobaWKZKOGxkbSW7EYJ4rzXWPir4rtnXxJe+Jr9J43x5GQFx6FcFTn1I/lxPfeNtR1HWm0PRrN5ZVZkZD/DtBJ352kYGfr0HPFdLrX7PvirxdbW97bIunwSSGM3VzwjyKyq4wwz8rMRlSQV45ZXrppqFOS9sTjKirxbw2r/U3vDv7cOjaRpLLqdrM8zfLkKdpx6DdtBOe2AeuB0Hnnif9qDXPiNP9n0ctp9upIWNG/fSEnPLfwgdfUeprk9W/Zp8UoV231ncuypGETKYUD5eNgBz1JySTyeTXkNz8PvFPhe4+0wo2YmI8xOR04/T1+lejSoYaesHqeT/t9G0qkNOtlqfdPhXXtcv9BWxvZXMJcMqyy+a/X++QCfyr6Q8II88MeVBbnABP179c1+cPgn4p3Gn7dM1/5G3cPtyDx67gcn6E9h6V9x/B7x5pviCJFtWKtkjHRQe3Oe49v16ebicLOm25LQ+h+u0q1H909e3U+mILYwQhQuWJ6dyfwr5U/aP8STpoNv4cjlLHUpkY7OhizuxgDkFgu36dMivqPWtXtdFsDdXzKkRUsWPKjqMn2yMcfSvhTTPG48a/tA+HLqALNa2epW8kSMoAdYpRIQ244JYDABOMnjrUYPD89TmeyPEq1GoSmfrV8UfBeu/C74eLcfBHQh4hulRIHW4Y3MluoVUWWK3K/vOBhgjLgkFkkUHb+QHxgvPiVc68958YI79dRlTONQjeJ9hZiFjRwAsYYttVAFHOABX9Adhdy2+1y+50OCwGM4746c1z8vxH8HeMftHhbUbaPUIWHl3MEsXnRc/wyAqV7dCOa9edBPY+dyvNpYZuTpc3d9T+aJYhvYxDavYe1fo98F/FreLvCEUmoo0l/at5MjtnMgUDa+88ElcFup3ZJwCK+4tf/ZF/Zl8U6iNa/sY6dOZDI62cjpE/BGzyctGqg87UVOR6ZBi1T9nnWNN0+I+CJ7eWK3TEcTRmBgoP3I1yFGVGASyjOMjiuarQl2PoHxBha0FBXT89PyueHqIoRuvmC4OSi8fmeOlYOu+KbDRbctdSC3Uj5FGC798KoGcE9zhfXFT+PPC3xP8ADUskK6LcW8UA3SX7oJIVXPVCm5P++jn1Uda5LwR8F/GPj2f7VZq3lPt3XdyW5XODs7nAzgdOxYVyTuvdS1OujTouH1itUXL6/wBf5+R//9H9ztxK49KjzUuzKhlxmogBu+YhR1JPGB61kykcH8QfiHovw80hb/V1MrzkrFHg7SBjcznGAgzz6nivzF+O/wAW1lkn8ZXF3NPeykJbxR7VyDjEaschQfvN8rdMnOK+jf2gvGkHiHVz4ftUWe1RcGWPZhOhC+Z82eznGASQrKSma/Irx94mvvEvjSDwn4MWTUb67mWysIk2mSVnfau3GAA7EYLHpgkgcDk5nUlZbGzXIrnB/EbxF4p8d6pHJ4inlupmbZa2ikv5ZcjCIo6sTjOBz9MCvX3/AGOvi/4V+FOq/FG/00SQ2VhNdTwthWWJomXKOchzEHMz7eB5fDE7a/T/APZW/YV0z4WPB46+KTR6l4hZdxj+/DAWHKJkYwOhI5fGSQpKD7W+KWnadr3w51/RdWbZa3mn3VvM2VGI5IWVzlgVHyk8kEexrplVUVZGMItyufySeDtXvbC4aTTxLtiOQyELtJ+ZRkcZ3AgAkZyfSvr/AOGPxgul1VFdC9vawgqhdTtVRsKlgoyhOHwRkEqTkks3w14p06Xwx40vtBWSOQ6fcvD5iNlT5bFchiADyvXGD24Nb/hvxHNplxGFdh5nzqwYkghtuepIJOTj3zjFdE8HGrHmPWwWKdKSjI/VzUviZHe+F7rVlLMsSmQLCuSYlBJbbk/NwVIJwCMnAJNfnzrnjj/hI9XnvQvlPOzLHGu52XBypy7EEnhDwDxkeg9IvNcNp4SudLgzIssMvlYGPnlQiR1BPTBOemO3AIr5k0NJb3V2lt1BdWAABAAJyeDnHXJ/lXNQwsYKU2e1isQ24U6ex+iXwZ8OeGPCPh8+M9ctkutTlcPCpwFjYkfeGNo4Q8EHkn1Fbvjn4ptqTLdeIZ1jgiAUBThEA9AfYfp6DFfPelWHiHUNLt7jULmaGOAA7Ijjao4HK7cnpnPTPQdK53xX4Cm1fytY8ySd8N5nmfOUBwFG7cSeS3BAwNvJyQOOGHUpOTZ9VhEoQUoQ18z3GDxf4R1xZItMuUuDEPvxMrDLcAEj6ZA/lyaks9Ptp8gY3EHIP+etfNOh+DYoMZt1aRmCk524A4J45wc9x09ea9I06wFtOZrRmikQYZgSCFB6H14569cZ711/V49GenSrzcffiafjD4f6BLYS6pCohnTAcAdevIA7+v4Vxvwa1SXS/HFvYK26KVjGyKQBIOoDA9gMk56evWpvEr38FlKwlmkM2AyMxcYGeeTxk55HSvPPCuox2+oSXFw2CIn4IUEk7cfez07ZrSNNypyi3c+ex8oxxEXFWPpb40fEuVrH+yEZkBO0rlTxwFJ79iR/M9T4z8DvEGnaD8TNG17UyTHbThyScYIHDE5AGDznt1NeWa5q8mp3xLvvIbJwCAQD6H1zn/8AVXpnwU0SHxD48s7C5AeMsS4PdcHtg9+OnSrpYdUadjzp1VWqW6H9Hunaj56xliMyRq6t/eGMZ79T718U+Ijq2heNtRMjlY5rqV1wf4XcsD+Oc19QeFLSe00nTd3Gy2VCM55BJPPqc9e9eSfESxN1dS3O3LLIwJ74zkVle6PEyySp1ZQezOz8FeOZriNUu3OehJ7/ANa+iNL1wmEMDux6Gvg/w/cy2dx5Xpzivo/wxr+dsbODSUujJzDCKMuaB9G2mrW11gZG4dj1q79ntHJYIASckrwSff1rx2S7I/0iFuRzxWtZeLJ4G2z/ADL+tWeQ6b6H/9L90IZUkUqvy/zrjfEMEdx4ZvLfUC6IVMVxIhKuYV+aTBXkBk54IIye9acEj29xsbOCePrV3WrQ6hZGFN27Y/3GCtlkK/KW4B5yCeBiuOtflaNoWumfjH+0j4w0PwZoF/qWk6jc3trckxRtMESRZZMnO5BljwWGNpJ4PXn2T/gmz+z9Y6fpF1+0L4ohWbUr6We20zcFYQxIxjnmQ8lWeQSRDhSsankiQ15N/wAFDfCniaH4f6TqetaJDYw/2vGI5IhG8rAQSDE8kYIdm/hy2eDx0x+oP7O3gm/+GPwq07wHqm3zrF7gkrnafOnkm4yAePMx07VhRdoJdWa1Vd3PZNXv/sNl5mQGkdIlz/edgo/nXP8Ailre68P3UUqh45FkRlYZDclcEdwa2NZs/ttkIhy0bpIv+9GwcfmRiufug11o7wgZJaQdOmWYZwT70ptu68hQWzP5V/2otFi0v41eIbLaylLojexyilo1lONi8gl1KjjA4IIPHgNnezwvFHH5YOWTDhBgsOpZhwMEYJPy9QR1r9N/2l/gFL4j8TfEjxHY+bJf6VJpt3FAkfmNLHNH5L9AWVQImYHp0yeAa/Le4guIm8vII2Erg5znqMgkHvk8/wA69zKqqqUElurJ/cdGOpulV5uj1OwfxLM0eJXO9uOSc4znPPoenb9a9H+H9xp+nrJcXTq6cL8yhiCflLKCMg44B6+x6V85rPMkpZ2OMnqf89a7XSLiRpQ+5gkbB+Dz3x7d+9b16XMrFYbFuM1I/TPRtU06bQUn0rGQmzZwAxxnj0BGMDHbpXPT3GjySNayTfZZySSp4V89xn054Ncf8M9aOo6bFp143lrvXG49d+0ICB1YksM5/Qc1fiD4EvNalheB3dJCclW+UKSOCxPBO4dT0PFeLQw/LNpn6NSxUlSVSmrvsdbd6U1rOJLqaOJMMMtgDkEDGen51HZHThdkwyLPv4cowZAOe4HPoa5/wH8JbafRpZNQhSSCdTg9dqqPveoPPXP8s12+keAbTwdELjWm8sqoXCyMVY4B5XkdB1yc5zgE4HRVSimkzspYic7OUUvmReJ47e20SaaWIs+xh8o4XOcEgZ4HQ/z7V8m31xb2MuLKLYdoVyzbizYO4jGAA2R057Zr6K+IPjSwOkN9jYOACMggZI9c/X8T24r5VmnkuJDMCQJMEBuD1/CtMFTfK2zwM5rxlNKDLcS72EgY8856kccen+TX1j+ynoD6j8RlL/djQYVuRySccfTn69K+V9FtJr+9jtIsyAkts6ZKgt9OOeewr9WP2OPC1u8L68oG6V+Tt2kc5GD0I7fTHXtriJaWPPguSlKr2P0etMQ2lvC3DbSRjjGa8hkk/tOC9bIbE8pXHcb2xg/TFepeIr3+wtIn1MAFreH5QckFzkKDjnkkZrwXwVPMlusEgzgYwMYAAx2/n36nrXB0PKwtP3JVexRWwe0m8wkHJxkD8fau40a48gqSfTI7/pUd1poLeYg57n0FTWkeQOuVqDarU51qeqWF4ZoQjHJzzWrBaeadzn34rhtLndXwe1el2K5j6df84raGp5NVcux//9P9jZ/EkOrat/YGhL9qu0wZFRsLEMn5pnGQo4+6MsemCK7e7tGsoobnd5j/AHHfkZz6DPAz0Gc9ByeTS8EeCtF8D6FF4f0XcyRAGWeXBmnk/iklYBQWY84ACr0VVUADU1W8jClW4Uf5H5Vxym2veNkkn7p4j8cfhBafHD4fXPgHVZRaDck9vdY3PbzxnKsqk/NldytyMqx6HkeuWsmoLZQHUkRbvyx5wjJZS4HzFSQCRnpwDipLC8glj8uQ4eP5SFOMjvj64/pxSa1LILaTULeNpDAmQq8lgATtUdyf888Hn5eV3NL3VjSgvdwww5I9K5m9R7W6kCElJ/ugHADeg7e59eais9Rt7u3F/Zv5sLDOMcg5wRjg57H0PBq832e9j5J29/w/lV1KbaughKz1Py8+IlzYaJ+1pq2g62hTTPEPhyKIRsSomZZZjIARgsQrHkEYDcV+avx2/Zvm8FxSePPDkn2vR2McjLlSQrYUsv7ws6s5U5xkbjkYUk/on/wUU0fWvCOoeFPizppdbfTbiW0uQqbzsuwh3ls/Kv7nZnj5nAzyK+KLf4iahaz6zBbtvsr/AEyRVtQxETKzL5oCrhRiNpCMZwD0OcVtl8KlOpzwe/Tvb/gWPfn7OthE5brT07P9PuPzw1OxbP2u3Yyhj8xzzu7kjnrn1/8Ar3LOVYnWORhgYU4GOpzg9PT1/wDrfQnxP+DU2nSyeMPCAa78O3SGeKYcmIEqGikOThkdwoycsAT6184XVu29ymSMnBPqPb+f+FfRwkqi5onz04OnKzPYvBfieWC/jiUnajKy9m3L0GSQMZ6dK9ufxjeWvhg6XHJln2mFgMlY1G4dTjOQAM5wRwec18bW17PYtlxlhgggDsQSe4NdgPEklxbsk7fvBjBGQAMbc8e3b0q/qqlqexgszlSi43Ptr4XfEO2SyMHmqHtpfKWRu6sSq4PGQoOcMfrjtc+KHja1lsonlncSYj3NAOQCQd6qWGeDleQOoyM5Hxd4a8SPpN08oUsJdvHrghv/ANY9609S8UXOseTa7flgPDZPJ6ZP/wBaueeC9/m6HrLOr0eX7WxLeX7ymRVkymTkZznJ55H4VFBFLKRGo+Y9Op69gOnaq6jbEocnc/P4YB/UV6j8O/C11q3ie1tXjITJZ+oxtBY4OCF4HU9Dzg8CiaUdjiw96ktTu/BnheC18OJqsHF9O7wbHBGAyDGOMj72Sc9D061+wP7NHgkaF4PtS8ZXcAVLfeweeeOCe/rgH2r5J8D+C7rxT4qQKgNpa4jXjAkdODIQCckA46/xN71+i2qX0XgnwxEkJVbu7cQxBFHDMMs+OmFGT0xnA6GvLqu7O/M6iVOGFpbsm8dBNQsGt0OURwG7jI/w/nXk3h2F1kbAxlvTGPx7V6m9uE8OxLg/Q/41xmk2TeeU/iBz9B7Vi10PKoz5abgdR9n3RnuMZ/z/APWrOitfJk3oOOMV18NmfJ+YdMZ9M1QmtWHCZINLlOb2g7R7dmmAUZB5J716lbQbIxxjjFc/oektEglk711o+7xWsI2OGtU5nof/1P3euZkt4sA9K88vbxWulUnJPRQSO9bWtXyRAuWwFz/niuJ02ZbrUS4PIyDuB4A7fjn/ADxXC9WdCRev7k6ZbPqbqXkgBIVepA6jsPXHPaul0TW7K/t1ntGBQg5I/h564AwB6+h6+o4+/kSYtbsQVZWBGfUHsa8V0nWtU8N3bG3YkK3zrzjrgkc8H3rWNPnRnOfKz6cv9AUTtqFhL9mkZt25QCDxtIkX+JeBzwy4xnbxXDPq72d4mn34FlfOHYQMwKyrGcM8TfxLkgnuAy7grHFJo3jZ7gAg7xxuhYYIHfaex/Aj6V0jNofiWzOl6tFHcIxWQwTjJBRtysO25GAKsDlWAIPGapRcdGtBqSex578QfA3g/wCNfgTUfhx41RpbPUECP5bbHjZWDJJGeQGjdQwyCCRhgRkH8Uvix+z54x+AGsNoXiRPtekylo7LUUyscqlWypOf3cpjzmMknrtLLyf26m+H2q6VKX8J6m725IBtr1jIyqMf6uc/vCTjnzWkJJ+8AMG5rnh+38X6LdeBfG1rZ3ljeRbHt7jeC+0glhlCBtIBVwxwQCCDg0Sjp7jPRwOOeGl7yunufiP8Ib3wxoq3Ohm6key1JDFLb3BDQtvG1ipAUqWGAecHAznAA8V+Kn7MuoWt7c6r4Kzc2zASkOPm4LCVV7jaeUBHzrwpLABvt74w/sR+JdGvJ9d+DMhu4EdnOl3MiCZBu6QSMQsgUHOH2sFH3nY4HyJpnxY8WeAtWfwx4mtZrd7cjzLO8R4ZIifmHyMAyHoRxjoR2NbYWdVT54u/c9apDC4mNqeh8KSWU8UwFzEQ2AMNkAZHBwfTIPvSi1MjIFwCxBJXBxz6Zr7W8U+HvAvxUvZdT0eSOzvZ8lo3Krlgh7/eO5zubGf4ickjHG6V8FPPkcXjyoQSGG3dkhgflPQcA4J2k5Axgk19VTnGUbvQ8p4CpGVo6nzlBpjMwfGd2QO+ecH3rcsYHDBscZAAHB78/wAu1e5a54Jijllg02DCRgHBUeYeMBRtPPBBJxyWHpmuo+HHwM8T+JLszahaTQ2g2K8rINgimjOZFL4BdcqyAYLYO3nGVNJq4Sp+zdmed+B/AmoeLNei04RS7mVtuxNzFwpIAUlR8xABJPyjJP3TX6L/AAa+Bf2Xw7FfCJxeyOFdwSWIDkcA42AcKysoJweB390+CX7Nem+E7WHVvJY6nA0iTSJlEZCANixyYACsoYEr82OpRhX2fZeHdE8NW5mmX55HeTbnc7O5LMeeepJzXkV68b8sQ+vcnu0zyr4b/CWw8F2vmOw2IN25wBt7tk9OSSSSea5fVb7/AITD4iLcx7vsenL5cAORknlmxnGWP0yAua+htajm1Pw1dygEyZxsH8IABA/z1/KuM8H+A/sRF/fLy2Tt75rz97suji7c1Wq7y2NC8hK6XEpGCAcD/PtSeFtEt5opbtwDvbaOM4Ax/jWpqsTJH5a8EDA9q0/C8P2a3ltm6o/OPpj+lSkc86jUHYWTRSCfL6e1T22lrv3yDp6/1roh0x29KcycdKOU5XNlKNeMdqsgHoKUDPFP20zO5//V/YTXtQVWKE4HoB09O/FZGmXkaEugIjU85wO3OffJPfnvXO63qjGU+Xwd2AfTB7/0xWVp+rIZ90udoOSB65AH4dcVyWN2zqxdNPqCxrhRu4zxjA4z/ntXG+IrELevKnKyc5H8h64rQtrpp797lTklsKD27mtjXrbzdMSdAC0LYGP1ram7Mxmro4KCN1O+MkEcg961I9eniHlXyCVRj5gcPx6+v9agiUscnqar3MRR8449TXZFJ7mO2x6Hofim9mIWGZZojwYpBiQD/ZI6n8/wrtP+Eo0+fdaalAwU/MUdRIpxg89enHJAr57tc29xsQ7Rnj25zium8S3erxWNvr9hM6JbPi6RRnfE/G4AgjcpOenbnipqUIt6GsKj6nph03SLq583TLyRELlnjV1kVz2UrKshUL/CqbQM15Z8VfgH4T+MfheTRfG8dvezRBjaTJCUlhz02yGRmAOBu2lQ2BkdK6WC+jijUX0SykcmQDk57noOlPs9f8Py3DadbTTRyqduzLjkc/wjHQ1CoyT5omsK1ndH4n+Nv2QNY0TWZNO0S8ezlRmwkn7xCMjoflK4/wBosfrXAw/Cn486ROlpBsuYWIUtvyoUE4yHweOeBmv3wvfDXhfVrk3V8vmv6um4/iSuccfnUsHgfwQARJaRkHj7ijPX0X3r1oY9xVnE6ljbHxP8HvAnwb8AafHceK724vdTulHn3EtpIFUkYKKI1kWIep3ZPdiOB9s+HvD3g3S4Y7/Sl3o6jy3xu3KSzALjJ2jcdoAwBwMCt630Pwvaw+VDaAqOQAnQ9B1xV23s7WzDCwhSEPgtgAEnjnA/L6Vw1qznrqck6nO73KdtObCFbKwgW3XGAgwxRc8ZI4/D16HHNeLeIPjJ4T8J6Taa9eWWoXU2ptcCOJIS1wVtiRJIyMRtQAZz6EHFe47EBwOATx714x8afh9J470L7HYW8D3kUcv2eWbP7t3XA5DDCkgZ4b/dNcGKlONNypb/ANdv8juy9UZVYxxHwvfX1/WxoS/F/TNF8vS5tMv7u4vQsyxWsIk8kFihMrb9ijI67scE5xXscV7bz6Uupw/6qWISqf8AZK7vw4r5Tk+BXia/v7DVUuI5zY6Zb2cbSySKWmics8jMhVlDdM/OTknaCBn6h1bTp4dDm0S1Kh1hMUZPQZXCnHtWGFqV5TnGsrJWt69TfG08NGMPq8rt3v8AoeFaL8ZvDHifWLvSmtr2w+wxvcu15EIg8MTlXdAWLFVKkHjjoea9q8PalYar5Or6aS1rqECXELHjcrgMD68g147pHwy1G61K6uNSSF9+ny2Cbs5aKRt2x2LSE9W3OTli2SvHPtQ0yTSdFs7OBhvtoUh3DgZVcA4/CjBVKs4qVZW+Vv6/4YMfHDp2w/53MTRPiDa6v4ou/Czabf2ctqSBLcwiOKX73MTbiWBCk5xj1wSKg8K/ErTvFXiO98LLp9/YXViu8/bIDEsiBim6M5O4Z/Qg1y3gX4Zan4Z0W/kMnmatd27ol5JLJI5c7thYsxBK7vvBVJ5OOcV0Hwv+Hw8D6e/20LJfSKqy3O+RjKQOWIkkk25PPB579KVGtWm4cysndvR6Lttvf0Vu5Nenh4qpyu9rJevV+n4+h6aB82KnCkDNMHXjipkXjmu88s//1v0E1TUzNdOiE8Nxxjj1471At20bDYSR0B9RzXL+cJGKyfMPb1/nWl5hZgR0/HOa57FtnbaBJLcXHnPzgn869Kv5mmjFtwcqeOepHX9fWvMPDib5hhsEkd/rXpVw1ubhEH8K4zj0H1rRIRxKKsNyUYdKknibsM+59zUt+FW6aZPnI5yPz6emKYWWTk5xXXAyaMXyWB+bk11uksJw2nXa+ZDOpR1JP3T15HPHWsaEEtg/5xWjCuGG3r9a0lroCF8PRSW6XHh+6JMmnv5ZJ7xnPlnoBnAxx0xWRqUJsdfjvsbR8p4x/DwRwOOMfnXQ6tM1tPa+JVHC4tbjoB5bH5W/A/j1+lTeI7CO4tPtKjmI5PGeP880JlrRnUQMhG7OQeck1fjyeBx7e1Y+jzJc2EcvcLg/UcfzrciVe5qZCsXogMA561I4VV5447VHGp4YcA0ksi7DkZrJlJFZgeT261Rk5PTH41YkfPyjg+1S2MQmuERjx3pGq0OhtrcRQpEo5AA/HvTNTRpLYXPQr8rD+VaJVdvpVdGRnNtJ92Qbfx7UmSt7mJpgJcv61rzwiaFom/i6VRsomhkeJhypxWkTxuFA5PUztOk/dNCeCtXmbHTvWN5ot9V2DpID/j/StHdznrTFLuToMjjrVj2qGLj5h2qwuB/9egk//9k=	2000-05-28	0780	resident	thiskai	\N	{Kai,кай,кантик,кантемир,царь,натурал}	\N
ec81e20f-60d1-4b06-adc7-95a21820a8e6	TONI MONTANA	t	0	0	\N	client	\N	2026-03-03 22:35:50.139968+00	2026-03-11 17:13:47.019161+00	+79280757161	\N	\N	\N	resident	for_friends_Toni	\N	{"ТОНИ МОНТАНА",Тони,Монтана,Битони,Антонина,Монтана,Мондана,Астемир}	\N
1f437785-e5d1-40ea-9170-b3572eb06ed4	Индийский слон	f	0	0	\N	client	\N	2026-03-03 22:35:50.139968+00	2026-03-11 16:14:55.654557+00	+79280807744	\N	\N	\N	regular	\N	\N	{"Indiyskiy slon"}	\N
8b16fa1c-805a-4d24-a9fa-4e9915345e56	Валькирия	f	0	0	\N	client	\N	2026-03-03 22:35:50.139968+00	2026-03-11 16:14:55.654557+00	+79889255409	\N	\N	\N	regular	\N	\N	{Valkiriya}	\N
629807aa-d89d-4247-a194-16d06ecda2cc	Гей пидорасов	f	0	0	5203456231	client	\N	2026-03-05 17:44:17.832727+00	2026-03-11 17:15:32.282586+00	\N	\N	\N	\N	regular	titanmafia	2026-03-11 17:15:31.914+00	{"Gey pidorasov"}	\N
67057705-0c69-4c42-b186-edd583d54a9d	Ханна	f	0	0	\N	client	\N	2026-03-03 22:35:50.139968+00	2026-03-11 16:14:55.654557+00	\N	\N	\N	\N	regular	\N	\N	{Khanna}	\N
c48e7feb-8752-456e-bc1b-7488d950a491	Данте	f	0	0	\N	client	\N	2026-03-03 22:35:50.139968+00	2026-03-11 17:16:45.46375+00	+79380773949	\N	\N	\N	student	Dante_451	\N	{Dante,Даник,Дантес,Ислам}	\N
9763047a-b3a8-4c15-bba2-35de506233ce	Кову	f	0	0	\N	client	\N	2026-03-03 22:35:50.139968+00	2026-03-11 17:18:46.289277+00	+79194271969	\N	\N	\N	regular	\N	\N	{Kovu,Тима,секс,Тимур}	\N
c8071d9f-6b46-473b-ad22-f9332fcfa9bd	Нафиля	f	0	0	\N	client	\N	2026-03-03 22:35:50.139968+00	2026-03-11 16:14:55.654557+00	+79067787507	\N	\N	\N	regular	\N	\N	{Nafilya}	\N
f8bd941e-85d5-4429-a03c-3eeb46cb85c3	Менталист	t	0	0	\N	client	\N	2026-03-03 22:35:50.139968+00	2026-03-11 17:21:05.795976+00	\N	\N	\N	\N	resident	GrMentalist	\N	{Mentalist,Гуга,Гурген,Гергенушка,Гургендальф}	\N
553f5092-5a4f-4844-b101-9b68cc0be6b5	РОКФОР	t	0	0	\N	client	\N	2026-03-03 22:35:50.139968+00	2026-03-11 17:23:25.808646+00	+79280830422	\N	\N	\N	resident	RoKKKfor	\N	{ROKFOR,Саня,Санька,Саньчоус,Санчоус,Санчес,Саньчело,Санек}	\N
6cb6db34-5cf9-4dd4-af42-c89abf69e2c1	Копибара	f	0	0	\N	client	\N	2026-03-03 22:35:50.139968+00	2026-03-11 16:14:55.654557+00	+78005553535	\N	\N	\N	regular	\N	\N	{Kopibara}	\N
7d77c549-b27d-4446-8a1e-0712ddb0a387	Guest	t	143050	0	700730052	client	\N	2026-03-03 22:35:50.139968+00	2026-03-11 19:29:47.892758+00	+79632812861	\N	\N	\N	resident	askerproa	\N	{Аскер,Пора,Guest,Гость}	\N
081fe3de-e50d-4204-b5ad-379c5f69ff8b	Альтман	t	-2200	0	\N	client	\N	2026-03-03 22:35:50.139968+00	2026-03-14 23:28:42.892204+00	+79911105320	\N	\N	\N	resident	Diana270898	\N	{Altman,Альтуха,Альтманиха,Диана}	\N
7e2904a8-4ee6-4487-8b9e-ece3f0709148	Йору	f	0	0	\N	client	\N	2026-03-03 22:35:50.139968+00	2026-03-11 16:14:55.654557+00	+79627720125	\N	\N	\N	regular	\N	\N	{Yoru}	\N
0119d1a5-17ba-4a96-9550-e67d884d36ac	Хейтер	f	0	0	\N	client	\N	2026-03-03 22:35:50.139968+00	2026-03-11 16:14:55.654557+00	+79189933683	\N	\N	\N	regular	\N	\N	{Kheyter}	\N
dccd2620-228a-476c-94fa-42df4506a61a	Dushman	f	0	0	\N	client	\N	2026-03-03 22:35:50.139968+00	2026-03-11 16:14:55.654557+00	\N	\N	\N	\N	regular	\N	\N	{Душман,Нурик}	\N
36c1fafe-6282-4c2a-ac20-d752ac29795e	Nevada	f	0	0	\N	client	\N	2026-03-03 22:35:50.139968+00	2026-03-11 16:14:55.654557+00	\N	\N	\N	\N	regular	\N	\N	{Невада}	\N
d073976f-5b45-4e76-82e0-c48eb8d38c70	Штиль	f	0	0	\N	client	\N	2026-03-03 22:35:50.139968+00	2026-03-11 16:14:55.654557+00	+79188018821	\N	\N	\N	regular	\N	\N	{Shtil}	\N
7c55626b-43e0-4899-b84a-45b65c9b074b	Психолог	f	0	0	\N	client	\N	2026-03-03 22:35:50.139968+00	2026-03-11 16:14:55.654557+00	+79950000317	\N	\N	\N	regular	\N	\N	{Psikholog}	\N
0006044e-4e61-4bd3-89a3-82a24f7c73ae	Руди	f	0	0	\N	client	\N	2026-03-03 22:35:50.139968+00	2026-03-11 16:14:55.654557+00	+79386930550	\N	\N	\N	regular	\N	\N	{Rudi}	\N
d0774d27-5dc2-46d4-972c-6de24483800a	Мафия	f	0	0	\N	client	\N	2026-03-03 22:35:50.139968+00	2026-03-11 16:14:55.654557+00	+79640470004	\N	\N	\N	regular	\N	\N	{Mafiya}	\N
feba97f3-375d-4d93-a2f4-f76a8734505d	Chippa	t	0	31	\N	client	\N	2026-03-03 22:35:50.139968+00	2026-03-12 22:56:47.011775+00	+79287119697	\N	\N	\N	resident	turchaa	\N	{Чипа,Артур,Чиппа}	\N
774968bd-edfb-4866-8b3e-d5a17c852cf5	Ivory	t	0	0	\N	client	\N	2026-03-03 22:35:50.139968+00	2026-03-11 17:10:20.970848+00	\N	\N	\N	\N	resident	M_IVORY	\N	{Айвори,Милана}	\N
7e9429d0-e908-48c3-a388-844213e31c2a	Miamore	f	0	0	\N	client	\N	2026-03-03 22:35:50.139968+00	2026-03-11 16:14:55.654557+00	+79386901313	\N	\N	\N	regular	\N	\N	{Миаморе}	\N
b300a779-0454-438c-8a7a-3f6c8c3ddac8	Tam	f	0	0	\N	client	\N	2026-03-03 22:35:50.139968+00	2026-03-11 17:13:17.325199+00	\N	\N	\N	\N	regular	\N	2026-03-11 17:13:16.998+00	{Там}	\N
ce74a7b8-2e28-46df-9ae5-d1a0474ae20c	EL	f	0	0	\N	client	\N	2026-03-03 22:35:50.139968+00	2026-03-11 17:07:43.829309+00	+79674167970	\N	\N	\N	regular	\N	\N	{Эл,Эльнур,пидор}	\N
183f7ffc-9f60-44f7-85f4-d22d8933654e	Agasshi	f	0	0	\N	client	\N	2026-03-03 22:35:50.139968+00	2026-03-11 16:14:55.654557+00	\N	\N	\N	\N	regular	\N	2026-03-05 19:33:19.653+00	{}	\N
bf065700-4f03-401a-9a57-ca582a69831b	ASIA	t	0	0	\N	client	\N	2026-03-03 22:35:50.139968+00	2026-03-12 20:50:50.313037+00	+79280759995	\N	\N	\N	resident	Asia_77	\N	{Азия,Марина}	\N
a44458ba-d281-45a8-a17d-9ac2250585ab	Марсело	f	0	0	\N	client	\N	2026-03-03 22:35:50.139968+00	2026-03-11 16:14:55.654557+00	\N	\N	\N	\N	regular	\N	\N	{Marselo}	\N
6e982be3-5426-44d2-9de2-999d92c0b5b3	Ева	f	0	0	\N	client	\N	2026-03-03 22:35:50.139968+00	2026-03-11 16:14:55.654557+00	\N	\N	\N	\N	regular	\N	\N	{Eva}	\N
b5976eed-303b-4f3d-8aa1-3c51b572218f	Сенатор	f	0	0	\N	client	\N	2026-03-03 22:35:50.139968+00	2026-03-11 16:14:55.654557+00	+79280821825	\N	\N	\N	regular	\N	\N	{Senator}	\N
e2add602-f334-462c-aeb2-a5679b10d08c	Black	t	0	0	\N	client	\N	2026-03-03 22:35:50.139968+00	2026-03-11 16:14:55.654557+00	+79187687885	\N	\N	\N	resident	the_black_est	\N	{Никита,Блэк}	\N
e67dc81a-948b-4b67-83fb-58c1edb8864f	finnick	t	0	0	\N	client	\N	2026-03-03 22:35:50.139968+00	2026-03-11 16:14:55.654557+00	+79287179487	\N	\N	\N	resident	finnickpy	\N	{Финник,Фин}	\N
aa6bc3f1-d609-44c1-9e85-f4f4bf3e083b	GREMLIN	f	0	0	\N	client	\N	2026-03-03 22:35:50.139968+00	2026-03-11 16:14:55.654557+00	+79674102147	\N	\N	\N	regular	\N	\N	{ГРЕМЛИН}	\N
5650c259-8bad-4053-9071-e5906e63f578	Окси	f	0	0	\N	client	\N	2026-03-03 22:35:50.139968+00	2026-03-11 16:14:55.654557+00	\N	\N	\N	\N	regular	\N	\N	{Oksi}	\N
ac5f185c-2d4d-4c4c-9553-112de7bb91fa	Пантера	f	0	0	\N	client	\N	2026-03-03 22:35:50.139968+00	2026-03-11 16:14:55.654557+00	\N	\N	\N	\N	regular	\N	\N	{Pantera}	\N
b51bd891-c974-42c6-a950-c8053a5c34a4	Космос	f	0	0	\N	client	\N	2026-03-03 22:35:50.139968+00	2026-03-11 16:14:55.654557+00	\N	\N	\N	\N	regular	\N	\N	{Kosmos}	\N
7622c8e6-d037-4952-a5cc-cdc35c0fa7c3	Кира	f	0	0	\N	client	\N	2026-03-03 22:35:50.139968+00	2026-03-11 16:14:55.654557+00	+79188296322	\N	\N	\N	regular	\N	\N	{Kira}	\N
fc58d4f5-ea76-4627-a2f2-a8b77f96a6c6	Икс	f	0	0	\N	client	\N	2026-03-03 22:35:50.139968+00	2026-03-11 16:14:55.654557+00	+79265256871	\N	\N	\N	regular	\N	\N	{Iks,ебанашка}	\N
a9597591-28cf-463d-a1f4-7f85215f5279	Геевичи	t	0	0	\N	client	\N	2026-03-05 19:24:10.052813+00	2026-03-11 16:14:55.654557+00	\N	\N	\N	\N	resident	\N	2026-03-05 19:56:26.99+00	{}	\N
2b42616b-e403-4164-9469-29803f89dda6	Дэва	f	0	0	\N	client	\N	2026-03-03 22:35:50.139968+00	2026-03-11 16:14:55.654557+00	+79064778477	\N	\N	\N	regular	\N	\N	{Deva}	\N
2baf6115-5aba-44e5-af42-cd9c26d02c33	Биполярка	f	0	0	\N	client	\N	2026-03-03 22:35:50.139968+00	2026-03-11 16:14:55.654557+00	+79656660700	\N	\N	\N	regular	\N	\N	{Bipolyarka}	\N
f9b95eec-1963-42b6-b29b-b4d072ddec33	Мансур	f	0	0	\N	client	\N	2026-03-03 22:35:50.139968+00	2026-03-11 16:14:55.654557+00	+79650000093	\N	\N	\N	regular	\N	\N	{Mansur}	\N
43b571a7-e67d-4b41-aa7c-5562db50630d	Рок	f	0	0	\N	client	\N	2026-03-03 22:35:50.139968+00	2026-03-11 16:14:55.654557+00	+79670252175	\N	\N	\N	regular	\N	\N	{Rok}	\N
db1552a1-7386-4f09-a5ee-154a05c94463	Саливан	t	0	0	994376201	client	\N	2026-03-03 22:35:50.139968+00	2026-03-11 17:25:03.826245+00	\N	\N	2003-01-23	\N	resident	Salimosha	\N	{Salivan,Салливан,Салим,Салем,Саля,Котакбас,"Къотакъ Къотакьбас"}	\N
61872e69-a713-41e2-9099-995ce851aac8	evil	f	0	0	\N	client	\N	2026-03-03 22:35:50.139968+00	2026-03-11 17:07:58.437934+00	+79674254549	\N	\N	\N	regular	\N	\N	{евил,Эльдар}	\N
1cf6489e-8359-4d12-8d0c-9c4f8e32d522	FOX	t	0	0	\N	client	\N	2026-03-03 22:35:50.139968+00	2026-03-11 17:08:40.601135+00	+79889380555	\N	\N	\N	resident	\N	\N	{Фокс,Лена,Ленка}	\N
724f30d7-6131-40d2-8384-d06899fb3435	Gestalter	f	0	0	\N	client	\N	2026-03-03 22:35:50.139968+00	2026-03-11 17:09:42.14711+00	\N	\N	\N	\N	regular	\N	\N	{Гесталтер,Гештальтер,Кирилл,Киря}	\N
9de868be-7c79-4816-8010-8bbf7839e7b2	Моника	t	0	29	\N	client	\N	2026-03-03 22:35:50.139968+00	2026-03-11 22:19:41.107019+00	+79187281000	\N	\N	\N	resident	Epicastanse	\N	{Моня,Моняша,Моника,Monika}	\N
b92a0043-0d04-4d2f-b7ad-9bc5b4db24e1	Mulan	f	0	0	\N	client	\N	2026-03-03 22:35:50.139968+00	2026-03-11 17:10:52.565371+00	+79280803660	\N	\N	\N	regular	\N	\N	{Мулан,Мила,Ташева}	\N
09bef7a2-37e0-4287-96f5-49b19b0742ba	ProDoc	t	0	0	\N	client	\N	2026-03-03 22:35:50.139968+00	2026-03-11 17:11:50.386848+00	+79885862007	\N	\N	\N	resident	prodoc07	\N	{ПроДок,Ден,Денис,Денчик,Дэн}	\N
ac15a3ee-b4ec-4e98-a085-4725a4540ea1	Saul Goodman	f	0	0	\N	client	\N	2026-03-03 22:35:50.139968+00	2026-03-11 17:12:09.278185+00	\N	\N	\N	\N	regular	\N	\N	{Сол,Соул,Гудман}	\N
3c01d912-2966-43b3-8d74-dbf3d01b30d7	Scorpion	t	0	0	\N	client	\N	2026-03-03 22:35:50.139968+00	2026-03-11 17:12:25.640218+00	\N	\N	\N	\N	resident	sskorpion0707	\N	{Скорпион,Идиот,Алим,дебил}	\N
a619280f-d34a-4e13-a42d-f02c47784bbb	SHINOBI	t	0	0	\N	client	\N	2026-03-03 22:35:50.139968+00	2026-03-11 17:12:48.576152+00	+79786660760	\N	\N	\N	resident	Salem_001	\N	{ШИНОБИ,шиноби,анзор,шибари,шибарик,шибаря}	\N
a06d7cb3-870d-4914-8625-dea07dc08ff3	Geralt	t	0	197	\N	client	\N	2026-03-03 22:35:50.139968+00	2026-03-14 23:05:48.361273+00	+79286923072	\N	1981-02-04	\N	resident	nulcear	\N	{Гералт,Геральт,Геральд,Юра,Юрий}	\N
aef0958c-101e-4478-928b-29d3e77c738f	Горький	t	0	0	\N	client	\N	2026-03-03 22:35:50.139968+00	2026-03-11 17:15:44.199224+00	\N	\N	\N	\N	resident	mestnaaai	\N	{Gorkiy,Иван,Ваня}	\N
010571ee-1f42-4936-a4e4-aa6da74c0ab8	Inko	f	0	100	\N	client	\N	2026-03-03 22:35:50.139968+00	2026-03-14 20:42:43.286061+00	\N	\N	\N	\N	regular	\N	\N	{Инко,Нур}	\N
73de3220-8d27-4eb0-8fdf-054ad267333e	Сатору	f	0	0	\N	client	\N	2026-03-03 22:35:50.139968+00	2026-03-11 17:25:17.076744+00	+79889265653	\N	\N	\N	student	Murat_Satoru	\N	{Satoru,Мура,Мурик,Мурат}	\N
bd6db6d7-8834-4a74-ab9d-f43fc83d6190	LIRICA	t	0	41	\N	client	\N	2026-03-03 22:35:50.139968+00	2026-03-11 20:51:03.34695+00	+79896238631	\N	\N	\N	resident	Lirika_Ana	\N	{ЛИРИКА,Настя,Анастасия}	\N
6a6082d5-224d-4dcc-82bb-0dcaf75d39dc	ZONDR	t	0	108	\N	client	\N	2026-03-03 22:35:50.139968+00	2026-03-14 20:42:27.048577+00	+79287185060	\N	\N	\N	resident	ZONDR_07	\N	{ЗОНДР,Кязим,Кизим,Бабугент}	\N
0294bf15-61fe-43d7-b9ee-60e55e16295c	Миротворец	f	0	144	\N	client	\N	2026-03-14 16:48:37.027256+00	2026-03-14 23:05:16.618668+00	\N	\N	\N	\N	regular	\N	\N	{}	\N
fa4779f5-e103-41d0-af95-eae93f5326e4	Dill	f	0	0	\N	client	\N	2026-03-03 22:35:50.139968+00	2026-03-11 17:07:11.487297+00	+79187680581	\N	\N	\N	regular	\N	\N	{Дилл,Ашот,Ашотик}	\N
cade5af4-0874-4223-a209-3af57a401357	Black Jack	f	0	0	\N	client	\N	2026-03-03 22:35:50.139968+00	2026-03-11 16:14:55.654557+00	\N	\N	\N	\N	student	\N	\N	{"Блэк Джек"}	\N
59fa1d7a-7576-4506-ac75-313bdf202db0	Даня	f	0	0	\N	client	\N	2026-03-03 22:35:50.139968+00	2026-03-11 16:14:55.654557+00	\N	\N	\N	\N	regular	\N	\N	{Danya}	\N
8ffe7037-4d6b-499d-8830-cab37a8e4008	Мау	f	0	0	\N	client	\N	2026-03-03 22:35:50.139968+00	2026-03-11 16:14:55.654557+00	\N	\N	\N	\N	regular	\N	\N	{Mau}	\N
e827e40c-93a3-4f3a-833c-91769d2d5bce	Статистика	f	0	0	\N	client	\N	2026-03-03 22:35:50.139968+00	2026-03-11 16:14:55.654557+00	\N	\N	\N	\N	regular	\N	\N	{Statistika}	\N
32a5f5c6-9d36-424b-8df7-3208c27e83d5	Знаток	f	0	0	\N	client	\N	2026-03-03 22:35:50.139968+00	2026-03-11 16:14:55.654557+00	\N	\N	\N	\N	regular	\N	\N	{Znatok}	\N
bb86fdeb-c56c-4f86-a0c2-80a4a46fc696	Физик	f	0	0	\N	client	\N	2026-03-03 22:35:50.139968+00	2026-03-11 16:14:55.654557+00	+79116221189	\N	\N	\N	regular	\N	\N	{Fizik}	\N
4bc2b1a1-f1c7-4420-b98e-65dc372113d4	Кари	f	0	0	\N	client	\N	2026-03-03 22:35:50.139968+00	2026-03-11 16:14:55.654557+00	+79188219053	\N	\N	\N	regular	\N	\N	{Kari}	\N
c6661ac4-4fe9-41f3-aeae-bddc89d5bf68	Темир	f	0	0	\N	client	\N	2026-03-03 22:35:50.139968+00	2026-03-11 16:14:55.654557+00	+79890370100	\N	\N	\N	regular	\N	\N	{Temir}	\N
4102fa6b-f045-41f6-a589-a4cdd0389c2f	Dizzy	t	0	0	\N	client	\N	2026-03-03 22:35:50.139968+00	2026-03-11 17:07:23.931384+00	+79287066177	\N	\N	\N	resident	dizzyd404	\N	{Дизи,Даша,Дария}	\N
c4c50264-dbfe-445e-8ad0-0fc48afb5a10	Элис	f	0	0	\N	client	\N	2026-03-03 22:35:50.139968+00	2026-03-11 16:14:55.654557+00	+79287100928	\N	1975-02-13	\N	regular	\N	\N	{Elis}	\N
752e0dfe-89ee-4c0a-bddf-ae4c6e4e472c	Дмитрий	f	0	0	\N	client	\N	2026-03-03 22:35:50.139968+00	2026-03-11 16:14:55.654557+00	\N	\N	\N	\N	regular	\N	\N	{Dmitriy}	\N
ede94d5d-3304-432f-97e3-05d5cdf0fe0d	Чиф	f	0	0	\N	client	\N	2026-03-03 22:35:50.139968+00	2026-03-11 16:14:55.654557+00	+79344443707	\N	\N	\N	regular	\N	\N	{Chif}	\N
6e673059-3072-46d1-828b-c128c5331124	Айс	f	0	0	\N	client	\N	2026-03-03 22:35:50.139968+00	2026-03-11 16:14:55.654557+00	+79963300497	\N	\N	\N	regular	\N	\N	{Ays}	\N
a171f896-4c3a-4050-8cb7-1d30d2c03bd7	Альба	f	0	0	\N	client	\N	2026-03-03 22:35:50.139968+00	2026-03-11 16:14:55.654557+00	+79380789662	\N	\N	\N	regular	\N	\N	{Alba}	\N
77583dda-177a-4dc0-a483-d92dccfa4245	Оскар	f	0	0	\N	client	\N	2026-03-03 22:35:50.139968+00	2026-03-11 16:14:55.654557+00	\N	\N	\N	\N	regular	\N	\N	{Oskar}	\N
638c46e9-9254-4603-8d7d-c3864a64bf8c	Маркетолог	f	0	0	\N	client	\N	2026-03-03 22:35:50.139968+00	2026-03-11 17:20:42.234967+00	\N	\N	\N	\N	regular	\N	\N	{Marketolog,Рахим}	\N
328b6005-a488-4bde-bc5b-3ce2334e2870	Цезарь	f	0	0	\N	client	\N	2026-03-03 22:35:50.139968+00	2026-03-11 16:14:55.654557+00	\N	\N	\N	\N	regular	\N	\N	{Tsezar}	\N
7eebe211-c28c-4ef9-89b9-7dd084a63786	Мэл	t	0	0	\N	client	\N	2026-03-03 22:35:50.139968+00	2026-03-11 17:22:17.28102+00	\N	\N	\N	\N	resident	\N	\N	{Mel,Мел,Мелиса}	\N
2daff256-3cc9-43e8-aed6-72cf92297c79	Атом	f	0	0	\N	client	\N	2026-03-03 22:35:50.139968+00	2026-03-11 16:14:55.654557+00	\N	\N	\N	\N	regular	\N	\N	{Atom}	\N
1d98b14b-1b3f-4682-9f59-a965c53778a0	Азраил	f	0	0	\N	client	\N	2026-03-03 22:35:50.139968+00	2026-03-11 16:14:55.654557+00	\N	\N	\N	\N	regular	\N	\N	{Azrail}	\N
30501d00-2465-40ca-a895-222559e1b7d0	Лестер	f	0	0	\N	client	\N	2026-03-03 22:35:50.139968+00	2026-03-11 16:14:55.654557+00	\N	\N	\N	\N	regular	\N	\N	{Lester}	\N
0643e570-8f64-4df7-b0af-0b4aacb4b272	Хуй пизда жопа	f	0	0	\N	client	\N	2026-03-05 18:21:33.919814+00	2026-03-11 17:25:32.620844+00	\N	\N	\N	\N	regular	\N	2026-03-11 17:25:32.292+00	{"Khuy pizda zhopa"}	\N
00f2e6fe-74cc-4e38-a333-8dc1feee1b01	Hisoka	t	0	62	\N	client	\N	2026-03-03 22:35:50.139968+00	2026-03-14 22:09:16.231311+00	+79969166996	\N	1999-09-09	\N	resident	MrHIS0KA	\N	{Хисока,Сула,Султан}	\N
d2484a5e-4964-48db-98be-454729996ea6	Animag	t	0	0	789237687	client	\N	2026-03-03 22:35:50.139968+00	2026-03-12 23:08:10.824094+00	+79992387849	\N	\N	\N	resident	tolyashik	\N	{Анимаг,Толик,толясик,"анатолий онотолий",анотолий}	\N
c3d56713-377d-4a63-b222-b3c4ad078414	Alien	t	0	26	\N	client	\N	2026-03-03 22:35:50.139968+00	2026-03-13 21:44:29.239872+00	+79287077826	\N	1988-10-04	\N	resident	aliendoc7777	\N	{Алиен,Алёна,Алена}	\N
4b4e3556-4c07-4963-a8c1-72c0e9f13ee3	Alinellas	t	0	77	\N	client	\N	2026-03-03 22:35:50.139968+00	2026-03-14 23:04:32.162915+00	\N	\N	\N	\N	resident	Alinellass	\N	{Алинеллас,Алина}	\N
39b28792-6b32-46f3-877c-3fb314b0d736	Светлячок	f	0	0	\N	client	\N	2026-03-03 22:35:50.139968+00	2026-03-11 16:14:55.654557+00	\N	\N	\N	\N	regular	\N	\N	{Svetlyachok}	\N
a5d684ba-c8c8-4365-8e7a-ad2629a301ec	Учитель	f	0	0	\N	client	\N	2026-03-03 22:35:50.139968+00	2026-03-11 16:14:55.654557+00	\N	\N	\N	\N	regular	\N	\N	{Uchitel}	\N
620a4867-d6c4-438a-86d8-94d7c94c9a67	Лимонная долька	f	0	0	\N	client	\N	2026-03-03 22:35:50.139968+00	2026-03-11 16:14:55.654557+00	\N	\N	\N	\N	regular	\N	\N	{"Limonnaya dolka"}	\N
de9037f5-44df-431e-a9a7-4c06f182c6d1	Типсон	f	0	0	\N	client	\N	2026-03-03 22:35:50.139968+00	2026-03-11 16:14:55.654557+00	+79674116011	\N	\N	\N	regular	\N	\N	{Tipson}	\N
7d7ab5ef-f1b8-40e4-85b6-ddf76ee6da5f	Асур	f	0	0	\N	client	\N	2026-03-03 22:35:50.139968+00	2026-03-11 16:14:55.654557+00	+79966301263	\N	\N	\N	regular	\N	\N	{Asur}	\N
d10c6c79-52f0-4899-a5cb-c53a84fcf47c	Феникс	f	0	0	\N	client	\N	2026-03-03 22:35:50.139968+00	2026-03-11 16:14:55.654557+00	+79620296269	\N	\N	\N	regular	\N	\N	{Feniks}	\N
e47da72a-e265-4bae-b4dc-80efbcabf2d9	Минахор	t	0	0	\N	client	\N	2026-03-03 22:35:50.139968+00	2026-03-12 21:03:04.844724+00	+79287054182	data:image/jpeg;base64,/9j/4AAQSkZJRgABAQAASABIAAD/4QBMRXhpZgAATU0AKgAAAAgAAYdpAAQAAAABAAAAGgAAAAAAA6ABAAMAAAABAAEAAKACAAQAAAABAAAAwKADAAQAAAABAAABAAAAAAD/7QA4UGhvdG9zaG9wIDMuMAA4QklNBAQAAAAAAAA4QklNBCUAAAAAABDUHYzZjwCyBOmACZjs+EJ+/8AAEQgBAADAAwEiAAIRAQMRAf/EAB8AAAEFAQEBAQEBAAAAAAAAAAABAgMEBQYHCAkKC//EALUQAAIBAwMCBAMFBQQEAAABfQECAwAEEQUSITFBBhNRYQcicRQygZGhCCNCscEVUtHwJDNicoIJChYXGBkaJSYnKCkqNDU2Nzg5OkNERUZHSElKU1RVVldYWVpjZGVmZ2hpanN0dXZ3eHl6g4SFhoeIiYqSk5SVlpeYmZqio6Slpqeoqaqys7S1tre4ubrCw8TFxsfIycrS09TV1tfY2drh4uPk5ebn6Onq8fLz9PX29/j5+v/EAB8BAAMBAQEBAQEBAQEAAAAAAAABAgMEBQYHCAkKC//EALURAAIBAgQEAwQHBQQEAAECdwABAgMRBAUhMQYSQVEHYXETIjKBCBRCkaGxwQkjM1LwFWJy0QoWJDThJfEXGBkaJicoKSo1Njc4OTpDREVGR0hJSlNUVVZXWFlaY2RlZmdoaWpzdHV2d3h5eoKDhIWGh4iJipKTlJWWl5iZmqKjpKWmp6ipqrKztLW2t7i5usLDxMXGx8jJytLT1NXW19jZ2uLj5OXm5+jp6vLz9PX29/j5+v/bAEMAAgICAgICBAICBAYEBAQGCAYGBgYICggICAgICgwKCgoKCgoMDAwMDAwMDA4ODg4ODhAQEBAQEhISEhISEhISEv/bAEMBAwMDBQQFCAQECBMNCw0TExMTExMTExMTExMTExMTExMTExMTExMTExMTExMTExMTExMTExMTExMTExMTExMTE//dAAQADP/aAAwDAQACEQMRAD8A8JluLXSvCuheFCAtxDd/2k4wc+Xf6Vo5Q8jv5bHOefTGM4Uz7c569at+LI2/4S2x1MklTonh6DHbMei6fIT1P/PUA/SsyZ9zH61pDYlkby/4VCZM/SmFs5zTS6k4I/WrEWVbjJ4NWoW9aykkwP61fgcv8uPQCk9gP6HmAa+Yesv9RXbzJiRh7muH632Bz+9H8xXezqd7H3ryoGpURPmqQx560IMP6VOfQVQyoY+KjKg96uZA4qMgClyiKhj9KYY/QVbK5pCppbBcplDVMx/PWxszxVTyvmNAHO62mNKmx/s/+hCvHdZTMTcen8xXuGuR40iUnqSmP++hXjeroBG2emV/nUlJn4efEoAfEvxQPXV7/j/t5krWOS341Q+JC7vih4lXGCdXvh/5MPWpgFjng16sXsc73JLcHNblrGpIGKx4V+bGK3LUfMOfrTRDPSfANrcXPi3SrS2mNvJLdwIkqAFo2MigMAwKkqeRkEcc5r9DLXTfHkUsMdvqVncoOGE9uUkc47yLJgHjtGa+Bfhagb4g6EhOM6ha/h+9Wv1Xi0VX4ZFByPvYwOv+NdVHDQq350Y1q0qdlE//0Pl1fFeleKrGyuLRszQGCB1HUJbaXptsrY9C8D/lTZX5rmR4b/4Q74g6p4dGALSa5t8AkjMF/eQkAnrgIoz7CugnwCaqL0JZCzbqhPy5PemlsfhTWPemIsKR1PatfRUWbU7aE8h5UU/iwFc9vBOeM11HglTc+MdJthx5t7br+cqim3oB/QpDHM14p2nBlHOPeu+mLbjuGOa/Af8Aalnu7X4/+KvFfh24ltbqO803yp4JHikXdp8eSrKVYEGMDPUVgeDf2iv2h/D14bzT/GurF5BsIvZf7QQDPZLvzUB9wAfeuOFDS9y+Y/oRTG/mpGr8nPAP7V37QTx/Z7vU9F1Z5DkPqlo0DJ7D7EY1I+o/Gvo+0/aX+JeleGbi+8UeGNL1C6tgrK2n6m0CXO98ERRTQyFTGvLeZIA38OSdoHTY73PtDIxmkxnrXxjYft1fCCS9iste0vXdHDHEk9zaRvBGcc5aCaR2GeAVjJPpXqfhz9qT9nbxVM9vpPi6xiZBuJvfMsVP0a7SJSfYE1Lg+wrpnvJpT2rJ8O+IvDvjGzbUPB+o2mrW6na0tlPHcIG9C0bMM+2a2WSSP76kfWs2Ao561VP3jmrIbpmqm4MxxSYGR4gONJYerL/OvH9VIMRHuv8AOvWvEgI0s/76/wBa8e1c4TP+0tLqUj8RfiIWk+KniEt1bV7zP1Nw9aJA3k+9Y3juYzfFPXmJyW1a7P1zcPWsp616aMi5DjNbcOOnSsKEkd61IHXIz2ppmctz1j4bSvH490OWM4aO/tiD16Sqe9fpINW1ISeV5zFeh+bIP61+Znw9v7TTvF2mahqMqQ21vdRSySSMFRERgzMzHACgDJJ6DJr9IJriBJmt54wpXhuOQff3rtw9ZQvc569Pns0f/9HwP4xCS1+MWu2KoEjttS1hYznJKjWr89/Qkj/69cG8rOcmu2+IGt6d4ql0DxnpyEJrtlqWob2AEjifX9WZWfr82zaDyenWuD9hTjsSDN60zeCBUwRcZAzUTIoqhEffFdz8Lwr/ABK8Oox+U6pZg/Tz0rh9i9quaNPPZ6zaXNu7RyRTRsjqcFSGBUgjoQRSA9o+P96uq/FrxGIuQbq3X8YbcIf1NeUWsXlkHFc9Nq7pqs+t6rLJPPqVxcGR3O4ny5Wwcnnow9a7a2RZkEiA4PNZ7FI2tK1Ka1kDIcYNd3rvjG7NkkKSEYHrXnSQlGBqrqdwSwQnJApbj6FbUdTklJMjZJ71x93H5r7wef1/OtaY7iWJ79KqMOwNVcg5uS0l3ZQ8+pGa9G0b4y/HDw7BBZ6N4s1i3t7bHlQpfXAhXbyB5YfZt/2cY7EEVzQgU47dqcsC7sLRzAfU3h39uD9pfT72O71DV7bUkTjyLuytxG3+8YEhk/Jx71734O/bz+Jc10//AAlfhzSb+NlHlrZTTWLKfVmmNyGHsAK/OqGHDc10djNLC4KnHPNZyiuw0fuJN8bPh/q3gSTXb7UbSG5trd7me0ileQ5jUt5ULyxQeY7DhRhctwPWvn2P9pn4L69KlnBqskFy5GYZrW4UqQecssbRj/vuvzb1DXbx4/JR2CY5Ga8/v1MzESDP4VnGmt2PmaLniDTNZj8UXOt3NvMLO8v5nhuWjYRSgzMco5GD0PGc5GOoNdEpGN3fPSvJJM2Wp28Mfyq9xb9OOrPnj8BXqCuegrsT0JNNHwQBWjAynmshW71egc96AsbF9N5Wh30jYIS2mJyMjAQ5yOM/mK/WW80+61W5a1mu4dOuFbDSXCqEyJD5iKryKBmF450cRkuxf5wMbfyI1uTZ4X1RyOBaTf8AoBr9rvhbJZ+bJqWpk3N/qkM0itu3hYYnijRS3IJG8jYpJUKAykgAc2JpOpZKTTW1i6c+W6ez3P/S+TyoT4cfDfd38Nzev/QZ1Ssstx1zV6aXd8Ovh0gIJTw3Kp55B/tnVDg+nBH6VjM/YHrVIgtLPjrzUglVh2rPJyMqakDA4j/WmBc3gjPY0+1bbdwsT0df5iqZYAZ6cU22kDXceTxuHX2NJsDj4WWW2s7jOTJdzcf9s7c/rmvoLT7c+QvuK+T9H1F5by0t8/KuyQfVlUH/ANBr7K02HNsp9qyq6FRM6eDam4HFeBeJddvbXUHRJD8pNfSV7EBAx7CvkbxpKV1aZB/eqaeo5If/AMJhqSEBnH5VMvjS7XBwv415w0rFueevNMLnPJx9K35UQeop41uCQCqmtK28agsPNQEe1ePrMc57VaimLYFHKgPobR/ENrqU6wxqwZuxr0CCHj6V4p8PUM2oZbsK+goIcjnGawqaaFIzJbcu2RVKSxyMmunMIJwR1qT7NntUpjseReJrI293p02B815br78GSutD88GuZ+I10kGv6Fp6dXuN5/7Zkf0cV0CsTjP0roi9CTSR93FaVqoJ3NWDGxyAe9bkJ42VQjp7PRW8Syw+GkG46hLFbYxniWRUP5Ak1+qmiQxeFfD0keoyR2dtahZri5+2fZfOZWk3GNfIlM2yJoiYyBgjAGJG8z83fhLqPh3TfiJpGp+KUupLKzuVuXSzCGVmg/exgCT5cGRVDcg7c4IOCPvS58Z/B/xlozeEWvfEmn2skrTFrq3jntdxkSUq8EO4FSyD5QoAyeQGfPLiefam7Pua0+XXmR//0/ke5VE+H/w8aNcFvDkpY+pGs6oM/kMVguSB2FdHqahPh98OgOh8Nyn/AMrWqVy6yA/L1z0oTIHqxGMGrC8DA61VaMjBOcZpRJn5elU2BO7grVPz1gzM5CqmWLHoAOc0TSFVwDWRqUwj0u7cjOIZCe/8JqQPMNGLxXFqW4Plp+hI/pX3Tojb9Pif1UV8OXE8KyWAi6rCQ/8AvedL/TFfW9n4l03w94Qj1zWJNsMcYJ/vM3ZVHcms6uuxUTuL5VaBgvpXxt47wusS/U1Pqnx/8UXmoNcafbwQ23KiFwXJHbLAqc/TFcBq/iwa/eNdyxiFn5IzuA+nAqqcGnqDdzNlmKn5ePertjaz30m2MYA6nGcZ6ADuSeB/hmsmOOS6nS3t0aR5GCqqLuJZjgAAdSewFfon+zV8I9T8M+LU1HxTZ24i0ILfXkyulyC7L5luIDDv8zK7Svll1LAkNkoCq9ZUouTNcPQlWkoxR4zB+y58Y18OjXLrwzMkLIGG9wLjk8nyQ+4H2ZAQOx5NeX+Lfhx4l8FPGNfsbnT/ADhvhW6jKGRBjJRiAGIz8wHQY9Rn98tL+KngvxLLNpGh3mb20UNNbSxSwTKpxhxHMiOVJI+YAjJAzXJftBeHfDvj34F69b65EpubGzlv7OUYZlmtUaRAMg4D4MbEc7WYAg815NPNJ86jUievXyqCpudNn40fC+LfdyOR0A/nX0PBH8vPNeM/Dywazv7u3YEGGQxkHkjaSMfhXucAIXmvRm7s8WKGLFk4HWrEcS459alCgHpUgyOtJDPmn4gFm8eaeG6pfyKMen2ezb+ZrtFlDetc78Q7aNPiBpY3DLzTSkf9sIF/9krdLAn5TXQtkZsvxsCwPpWvC6lsGsC3b5sGtWE5p3EReK8yeGrqPcF3Kq8nGQXAI/4FnHXvX3J8K/hPaat8P7bxFYeJY9Q1tdPtng0KwuZFWP7HDtcXcMKXFzLuAiDrGiEM+xSAUNfCvipJbjwnqMcEInIt3Yq2MAKMl/m4+QAsO+RxzivvDw5+zXJ8afCHh/WvDTW9rLY3Emk6qsa/J5ZLXEd2GG8SSeVKhYblDZVAUYGuHHJtJqfL8rm1Jpbq5//U+RNR1CK68D+A4Yutp4eeJ/8AeOq6hLx+Egrm8/Nwea1HvNIuvCng6HT5N01vobR3YwRtm/tG8cDpz+6eM5Hrjrms5EXlKSJJMknBpp2hsuOlPB7VA5xgjPFMRFcY2Yz/AJNZN4nnader2+yzt/3zEzf0q1LIzuGI4GOtSWllcamJ9OtdokubW5jUtwAXgdf0J7UDPDbdmkuwP7p/qTXZfETWLm5s7HRQx8izjErDsXZe/wBBgD6mukh+G3i+7eSCxsjL9niaVyrwAhF+ZjudUY4z0yTXM6x4W8TBXNxpjSF8fPh3bA458uUr+lJSTe5XI7XPHZJQeRimxyHIz7V1Unh/7ECuqWl0HYErwYuB14aN89R3rW8N/DrX/FYafRrW5e2RipmCoYwwAJUySNCm4Bgduc4OcV0wi5u0FclJvY6b4Iy3Np8U/DfiN4ZDbaVq1jdXMiKSsccMyysWI4HyoxAJycEDmv198F/F34f6/a+Nb/xdeRvCupyxSSv5UkUkcapDEyNGqIUl8vdGACcHGXOWb84fCfh2XwF4GvW1KNWuPNebJ2CTAMMQRijOpwC7DDkfN6kivPPh7jxJqdr4M1GSdbO9uYpJVtyDI4RWxsBDAsd3y5BHtWWa5YowhKbtJr7j1sDiZYa0Ur3P1r0D4feG9X8FeI/Efgqe6Oq63byRILuRZZYXJ85VSKMs6lkKlVxuCMgAAIB8p8I/C/x/4G+F3iJ9dmjmstWha1tUgm8xJby7ZYYHCbnVQXdQzArkfeQgAj4X1zSNN06G4vPAeswj7OXNwYJ7iAyGPJUG0kRmXaOMGWRd2fmAPHtHwn+PGoi00jwRrO6W3hZJ5yG27ZIkf7MNoKsRHc+RLhCGIj29Ca8ang6k2o0tbs76mLpN8tWNvR3Rx3gW3e2urwTyxzOZd5eI7lJcBiDwMEE4YdVYEHpXsUfCgk15zomgat4Z1fUdK1tpJbiO4cvLKxd5d/zCRnPLFwwYnuTk13ccqheD/kV3Ti4ycZbo8CVruxqZHeo2fJwDVUPkccnFRNJtI7ipQj5v8aag2ofFixA5VLZ+n95JJoz/AOixXXRuWGK8zvmMnxKgJGcLd9fe6um/rXoMUm3kV1LYyNmB8de1bEEgxiubhc7854rWt5CMDqKBGpqUqJoeogzLBmyuV3Puwd0TgJ8rKcuTtXnGSMhhlT+3/wAOvh5cfDDwZY+H9FlEUuqAz3RtkBC3nlFwQ+1QYyqlMyMF3CPaFDbK/EOOystXmg0bUJPKivJorcuVL7TLIqK21SCcMQe/TkMOD+22pTeHrXTNG1VZxe3epyRGGURgxxXEE8MJdlGxdhuGjgbZsIEpPKqNngZ7ha9dQjh52te+m/Y7sHy6uR//1fiSTTdN0zwl4SvLObzJNS0Z7i4XIPlyLqF3CF45GY4kbn+96EVSim2MXbqM1jWustrt2dVa1t7TzoowsFqnlwxRxokccaAlmIRFVd7s0j43SO7lmN5vmyVoIL0lzGFx61UeRmJx+NVXcZ5pm7nn1oAueYVGR+Vel/Bzw2vjL4k6f4dkl8hblbjL7d+NkEj/AHcjOduOorysOSfmPUV79+y/hvjjoqv3W75+lrLUVPhZUd0fc2j/ALOdlY2141tqoZ7qzaFQ0BXBbbzkSN6elcBe/s1+ILZAHu7P5s4w8gJx/wBs/wCpr7htbYJEm7jCjP4Cs6e1k8Q6nDp1gQO289AufmbHfA6dMnjjNeV7Vx1Z2xTbsj81vEnwW17QRLq95aCW3s0zLcxsDHGrSRx7dxxh3Zl2pjccFgCqMV84/s5xdC6YqsNuuVVQOW52r3PXJPrznk1+v3xu+Ga+NfAWleDNDMNpDa6jHPK8nSGBYJw8hGQWbc492Zsk8kj88PitLoE/iR/DvgCAzwadBHaxNEgZ5mjXDStsGCzEnLY5Ir6/hnG0WuR/HK79Etr+rOtYZxi5Hx54/wBUmtdIuNOjAw1nvd8/8tJzOUGPb7OCOf8A68Pjv4Pa9ofh/Q/in4F2yxzafaGe1gUiWGaOFFkZVH3tx+c45yTxgZrH8em/n8Y6z4cvw8EdtaWKRRFSPMlRcH7/ADkNcy5x6+g4+2fCPh/X7b4btpQtnSCKR3hkb5TtPJzyegOCOenfFcHEGMbqqUHs2jOjSVVyjI/NXV/GvijVNNlW83pExxLKU2k9gC2Ack9s81FomlyT2kWv6kpNteC8hhwcMk9lHDcFiOhDLKq4PY56gV6F8TLC4vNT/s9Bi1tHDzcj5mOcD1Of05pl/pB034f+G9S6yT6rrrTjO0Rxrb6ei9eOV+YEdQcdq5qDfKppWOCunGVm7nrngrQj8Q9Gt9Z8IaibaS3i3zWkqiV7UK4RjH8yyfZpJHUoN2yKQsF/1mF9Jl03422Ng9hYa2TDIMNEXu4o3XuGVbhgR2xgivGP2N/GyeA/jRoWrTxq9jeXY06+hkfy4ntr8fZm84Y2uke8SlWGGZBnHUfu5rfwX8DRP5ljAy28vKFHYlT3U7tw9x7fSsMbin7XVbmkIqUeZo/JPSl+LXhbw8Lm3ttGn+1TPA0cohnmHlqrbgLqymaNTvwCrjJB47njpdR8d6RJNqGuaEs8OyWU4ljZAkBxIQsclueD2A5zwK/WS++B3g0oZQbndx/FGcc54/d5r5x+NPw30bwx4I1fVrWWQrZabqUuHCsSAhlYHG3uOPasYV7u1iZQjuj8n113T/Enj9NX0qMxRGKT5cFQGZnkIALMcZbjLE+9ego/zYH61434JthHfxygc/Mo+m0mvXsjNdxzmnAwJH861oJNpwe1c9FJ83Na6P8AL60AfRH7Ol7q1p8ZdEn8PXH2W9X7T5Mu1W2n7LKD8rAg5XI5HevvlPjP8XJyh1O7W/tzy9vPBatG56gELGh4I4wRX57fs9SyQfFC2vYDiS2s9QmQ88MtnNg8c8E5r6ov/F/iey065ubNY2nWN9iS2S7FIAAYPk5CllznuQO+DhUi2wTd7I//1vzi8NkC1gJzxCv8hXRGUNyprmPD+fsERJ/5ZL/Kt7gLk0ECMxLc03zFOM8VXeVce+aoNPluDQBsecVG0cHpX0d+yRZXWrfH/Q7O0Kqdl4zFuBj7JL/WvlhrnjYecV9U/sY3X2f43w38nS2sbl8nj7yiMAn3LgenNZ1XaDuXBNySR+zcvh28uBJHczx21vFHuMhJbcwIAXAGTknCqASWIABJFa/g/SRpm/7Vs+1ty46+UhxtViCRuPUgeo5IALcnf675K/bbi8KFASoRVCrwRwWDNkg8kEH0xk18x+L/AI92Xh++NrZFpAuSQhHJPck/nXzNav7V8lJH0FDC+zXPUep963l/bWiMdw3nqWIH8zXjfiXWdevLaZNKvr+LB2k2lt9pUZ7YXn8c1+emvfthal4buoJr60nWO+TzbZthXzIw7RF0Y/Ky+YjJkfxKwPIIGDqv7T/h3WrmbSPEX9s6TdiQkT2UkYGOmGVlkRhnnjHSiODrXT5dDeGJowTTlqe+eNLXxrqaTWPiLxheQaPOjRvaajoj/wCqUZfM/mYGecNsBXqDkZrP0rx3ptx8PBZwyI4tC4eRGDDDuWU9urEjHtXyl4g+J3iK7tU0rw/4s1HVLO6WWKaG4hW32IwAAJXhwwLAgAYx78cz4eulS1vLeVtuCpQHHyj5gwAOeuF7f1r1KWEbVps4a+YJS9xDfjPpnh/TvGFj4Z011eC7druXackBEZ9rHjJxjBHUEe9eE+NfidYa/aReHkSKB4Lu4eVlXH+s8pMDOWyywpuI44ABwWFdJ4o1NrjxwJJxvNvYFk9clgvQAD7gx06V89axplxNbR+JxH+6vJ3SFjxvVBtyM9s8Z9civr5U3TwsaS/r+mzza0+e8joPDcnm6TO7fxsWx+LV/SV8JPiZZeNvDdvcSOVjv4Y7iLeMsvmKGXI9s8j6iv5tPD6GKzW2HOev6E/rmv00/Z5+JUkfhfTbZpAslpGIcA9o/lH6AV8rmlNuKmuhtgGm5QfU/Wy7hRbMmXAkDFSvXAG0hgfRsnBx29cgfJf7ScQb4T+KP+wLqv8A6TNX0F4I8X2XiOyjjuFDSdRn9R+P88HtXGftC6HpM3wc8WzJFhl0HVmHJzlbVyP161y4WoqnqPE0XSfkfz5eHYhBcQIeMBs/98kmvQd+BzXDaVgX0bH/AGv/AEE11wkONvWvbPPNGBwWGa1Im79qw4XPBrSVwBg0CPqT9ljSpdZ+KD2UQXnTL1S7fwCSLy9wHcjd0/WvR9B8ZeKvGt9e6Pugjs7SYRyLISCY3kLYXZC7HBTPLDtzXL/sXqG+Kt5IcBU0q4J/77iGf1rr/hhYadZ654geKZW33Kr1BwVaXP5ZrmrT5b2Lh8SP/9f819HYx6fDk8GNB+lX5piwIzVbTrKYaP8AbAyBIvKjILoHJdWIxGSHYDYdzBSqkqGILKCkmBzQQMJyMGq7SjhcZp4bJHbFV2JHWgBJJSMHP0r6X/ZR1Wx0rx5q99qTlFXR5ihwT84uLdgOOmcYz/XAPzHPnAPpX1V+x3otj4j8d+IdB1MssN3oM0bMh2sv+lWpDISCNwIyMgjI5BGQc60OanJGlKXLNSZ7T4h+OmteIV+yIfs8YUgKpPPOMZ/wrqP2efg4nxh8VXF34oMjaRYKJLrY20yu5+SDdkMocBizIMhVIBVmVh7t4K/ZB+FC+JnjvbnU76OCPzDDLOgVjkDDGKKN8YP8LA+9fa/hvwjovhPSo9E8MWUOnWaYxHGuMkALubuzkAZZiWOOSa86jhlA9CtjHNWR+dn/AAUHsLCC6+F+jwxJFbRTX8McEQCIsaNYqsaKAFUBeFHAAxivhH4iWkl14gkvAjBN5OXUq/zgNnBAyASQCP5V+oH7bFvrdzqnw/07RJYtv2jUrpoZPLYySwJb+WQjEO+wM+QnHzDdztI/PjxVOJvEZlv9OS0mZApXzBJEWyQWVZVUoDx8pPHODiu5PRHAzg9KjWGDcuccAEjt0575p1pKV1h0yB+7PHocr/jXQyWT2duJ5bfaGGVISVUA9dyiRMf8CH5VyEQtptYzLGJsbziO4iiPzDgbmcdOMCnHck4nxdptzdeILyazdfMFssKhjgu0gAVV/wBpmOB2/Cp/GXhmBJtJ8H2wXZYWyxtJt2qXmDDzNuTzmNmOT3zzXrNr4dtLrVI/E21WLeTtDEEq3yr8wBPIP/1jXMPLDO+r6pOoElzcTohJydkKG3B9ssGI+tfcPDx9naXX8t/8jo9nZa9TwHRYmiMkMvyyQsUcehGRzX6D/Cf4D6/4o/ZwvPjh8P5i9/oF9dRX9izKBNawxRTmWEkDEkYkbchJ8xB8uHAST85ZtTWDxhdqx2xSOqMffaOfzr9EPhP8VNbg/Z2k+BnhKWSG41fXLi51WSMlT9hFrbRpBkrgrcOH3bXBCxFGUrLivi8dFQUk9kRh1L2iUD6c/Z61jxBq+mQ+JdWmW2iZ9sUK5ZtqnBZ26AnoAOgGcnOB9MfHPU0v/gl4quozy/h/VlPrkWjjNfOXgd7Twh4WSC4YRrBknnHB/pmvTvG1rqb/AAA8V6vrStbyXmg6q8UD4zHB9kfYWHUM+dxBOQNoIDBhXzeDvKveOx7mPUVQSe5+Gent/psaA9m/VTXSiTBwBk1y2jkS6iqnoAcflXQ7gpI7HpX0x82asMnJBOMVpo5x9e9c2j8+grRhlIILc4oHY+uf2Pr6PS/2gNB1u6jme2sRdSyvDBJcGJWtZYw7LEjvt3uq5xjJGa/c3SfiL4avbbz/AO3LaLcfl+1DyWGDyDHIInHHTP61/PB8FtUNl4z84Szxk28gBt5TE2eCMsAeOOnevtqx+MHjCziFumpXWwdMyDp9QAf1rnqpt6FxaW5//9D81YVCWkRHcDn8Kc7E8GrtvpeqXln9os7aWWGMDc6oSijjktjA59cVnOHRNzAhemecfn0oIEXg5ppGSR2qNWyc0/cMfN07UABiVwO9fSn7KiXcHj/Up7EHdFpUrtt/ui4t8/hXzaccY4xX2N+w/Ctx8VtVRyAP7FmOT/19W1KbtFsa3P1m8DahqY1K4maPYskJO/6Mo/CvTbDVpDMEnbI+vrWZ4asbQ3ExhyuFH5En8q37p/D3h23fW9WYRxxD5V/idyDtVR3JxnjtkngE1yp6Gp8kfHSA+PPHsnh6+t7TUbXSYlhSCaVo1ia4WOZyw+yuS74jOVcqqom0q5kz86+P/htrafY7KKWdlXednmRXhReCAJJrQzbck8O7ZwPSvqDxB8Dbnx14wn8U69rssd1clZJLdJ4IrdNqABc/ZWIAAC/61icH5jyao6x8Pp/CaST6NKrs6hRHC8d63uVSILcyHv8AKzY64wK19lNrmUXYR8hw+BdT0WGSS0sEvJZE+dJQ0GfYG2t0bJ75YDnnivF9bi0+y1T7Zf6RcpGuQUmgSdSSOxBjyPqgIr7BHgI+LkF3oGtSajJgllW8urdhkHI2Cfd+Ajry3xD8IfHtmyiyF5PPIM+U+oNEFHYvHfyRMQe23Pv7wmJo+SLrxzZ6Ncl7CJ3hlOURIwmwIf4lLHbggYHT+VcfquoLqgSHSY5Yo1G1VY5aR3ZmY4X+8zcDn8a988f/AAm8YaaIHulluZpI2lmM62EEFuAVVVS4guZFm3FmzvKuu0EJgk1yfw9Mfh2xu/HTO1rqmjec2xQj/ZisRdJlKl380DLoyqpjYK0beYAU+g/tNRoLnd+ljWLcvdufH2v6M2jeIdV0cXtvftY3s9v9qtJPNgm8pyvmwyYG+J8bkbA3KQcDpX31+zBrujWvw+vdV1J0NzbXO189QuxQnHGc4P5V+dFqJoYEROmMYxX72/sA/svHwj4Dtfi34/jhmutZMOoaZZhhILeEoWhuJcEqZZFbfGmD5Q2sT5h2xeFjo89PlbDC1fZz5juPhL8H9X8WTQ+OvihbyW2lFt1jpc67WuSp4lnUgEQ55VCB5v3m/dYEnoH7RuptN8JfFjA8/wBhaqD+Nq4r3vx1qVx9ogQsS2znJxnk18e/HzxAknwl8TBzgyaJqQ/H7O4/nXFRgoNKJrWqyqvmmfhrpE7G8wBztP611If5utcLokkhu8sfm2mutjcqe3vXqM40aSOCeuf89Kuxyc1lK57dqsK+eaQz2P4SybPFiBu8Mv8AKvpp5QOfxr4o8OX17a6mtxp832eVVYB+O/BHOetelweJfFb/ACf2mD6AhP6rXFiMTGnLlke7lvDuIzCn7ai1a9tf+GP/0fxpjtfPfZayQTcZyjlefT94EJPsM11EF/4z0jEhecpCpyH/AHqIOnOCwT0521+j8vij4c+M9J/4Rb4jeFNLvbV2P7+K3W2vIf8ArldQlZAR2Db1OOVI4r5u+LfgtvhNqml241oa54W1jcdH1eQf6ZaNAiK9ncxqxZRFuj4G5NmJIcEyxHGFZT0LqUnDU8o0LxL4P1q2jsNcL6Tek4+1AebaOCygb40XzIgo3FmTzt3ACLgk7/iPw1rHhW6WDVRGyS5MM9vNHcW8wBwTFPCzxSAd9rHHeuTv9K03UiU1GPypskGaJRuzk53qMLJnOSThj/ewMG74P+IHi74SSz6HdxQ6poWqArc2FyPMtLlfu706NFKvBWRCkqMB0rYyFDDacnpX2L+xDJ5fxU1TPU6PJ+X2m3r5t8ZeGtJ063tfF3gyeS98N6ru+xzSlTNDImDJaXO3gTxZGSAokQrIoAbavsf7JOuT6X8SdQNso3SaVJHk8hc3Fvzjv0/+selKp8LBH7seFZhLfTDPSIHj3b/61YN1bQeJ/EMOs6iFlttPYmztyu5WlyVEztyhKMCY0GWDhXbbtUPkeAtXl8m+1CYNI0MCsRGuWO0s2FUdSegHc1xem+Lbjwz46uPDpAvpJZkS3VCEBzGNiguzbETGwFnwiqMsAM1xx2ND6c0/wZ4autYtte1jT7efULM74bl4UkmhcjkxO3KnHBKnpx0r06W8t7iBlB86PABAOevrn1ry2C+k1Cza7yLe3B2xg5G7HOccHkgED+765FJJ4gGgQrdH5lUhJCQAAe4J6dV7dsY6c1zBc+afj/4P8HWFz/wmV/bMsKOqXVxakpPEGGBJuX7yADBVs7eAuAeON0/wp48sLA3XhzXv7T0eRd5yQ52nGAwY5/TbXufxUu7Z/DN88kf2i3uo9yqRnfGzDjGByFOM+ozX52/DD4hXPw08XTfDnxJNPHaSZawuoXG6NZOdpGdrqCCpU++CM5oSvsK53XiD4e+PNduWW00OwvXB2GUafavIGU4UhhHv46Y6cHmvnr4i/A/4n+II20/xIYLC2XO5Lho0UbeuI1ySQQCBhR09q+pNI+KHxE1u8vPD3hto7VyZHmvpnBSGAHO4KCQpY4HIPYAdanT4nfD/AMMauNO8L2Vz4z8RkqrXszblLldrCMAnC8njDDHG48Yq7WwnqfEul/sGfEzW5VOlELFn5nmHlooGdxJY8EYJAOMjGM1+nnwp0bR/h7omn+Gp9Xm8QXekwRWm2x3RwIIUCKWfJLdASOxOMMMZ56Dwl458WxLqXxn1g6Vpg5TSrJipC8AKdoJ5B6cnHp263TviF4b0ryvD3w1soo1X90ryAAsckA5bngcklsDIzSnJyVmUlY+h7W/bV1P9u2MCpgYEvMm3vhlYYGehFcj43+Cvw1+JPhq/8MSPeaWL21uLRntnEgXz0KFisoY8ZyBuAPTNcPpl5r+rXKyku7Ngj7y5UjduJPUEdM44wRwK6dNUktL8wMSXtzuYocY37QAMggkntnpg+uISsO5+Mv7QP7HnjX9mmS216bUrbX/D17L9lg1C3VoZFm8sP5dxbsX8tmw+zbJIGVCSVJC181Bmxk9PSv6WfHXw6sfi58KNa+HUjR7tZs3gQuzFEukHmW8rmPtHOiNjvtwcgsD/ADRLIssKyJ0cA/nXVCXNuQ1ZlpXwSOlWFfjI6VmtIiAbiBn8K63TvCPirUzB9j0+4KXBRY5GjKRHzG2qfMbCAFiBknHvTlKMdZOx04bCVsRLkw8HJ+Sb/IwNQ1KXTLB72JGkKAZCg5AJ5J9hXM6f8RJWuFXZgHpuYAZ7V7LeeBPE/h+9Fjq08OlXDbS7yF5kiRyQrSyW8cyIGYEfMcg8kAc12zfBzx3rOmtDZa5pE8E6A7lllwysD0KW+4/liuOrVw8nebR9fl+TZ/QhbDYeaW/w/wCZ/9L4dttaIbBYnjnHT+lSfEqVtZ+GF3azOSkTxXKjsJEygbA9Fdh+Ncqi4AJIz16f0ravbpn8IX8cjMuyLcSvBG054Oc5HWvNjo0z06qumbHwI8A+B/iZ4alufFN5ewXlo6w4tzGAYtgMZw6HkDK8EcD16+qa1+z78P59AutN0/U7yaWRcxifyvLWQdDhVBB7ZBxzzkZFeBfAK+ey0jUdp4fyCc+ytzXub6+GdSzY5PTjsff29a9C5wRjG2p8q+DPEd18N9a1DwP4vEk2haoFg1KBcnIRj5V1Cu5R9ot2JaMkjq8bfI8in7C8OeENB+EXiOfUvDepG9meIIrzASQyQuUljliKeUSsihXVj/CenPHy38WdPi1YDWYObiMcn1AGSPpjnk4GDjJY1teDfGDav4Bh0uc/6XoblA5JO+zmIZAQTgCGXcM4yfNAzhRTeqM9Ez9H9L/aL8ceEvCd94htYtNc3U8VnZ+YkoZpgRLPJt84GSGGEbJNh3Ryz25Pytz6d+zF4i1/4q+Lta1/XIbAiyijjVYYZBIrXRPzIzSvtGyFlbjJD4yBkH8zvGPijWf+Ee8LaRPavZ2S2Fzexb2jcXE1xeTQS3KFWZ1Vo7SGHy3xhoCyrh9z/WP7AnjG9X4max4bD7be804XDAD5jJbTIqYI6fLM+eD29KzlFKLHc/YHVBbppaxKQ2CpAxlgoGOoz6E/TPpisJdOh8RaZNp06/LMpC4POcYJGcd2yADzjkE81DqmrzG2toxJu39ehGNxAyMYPGMdRzU+hSz298kUKMYyAJJEBA6cEk9MnjPA9OKwQM+MPG2t+IbH4eazpRJkuPD0/nSDBZzbSP5cowqnOwsjEkgKoc544/LT4lfFRLrxf9iR0lNvtePHVC4yy8Y64U+1ftT468LaTP8AFWXTNVjzp+uQPDdRplN0V0jQyKGQhlJXcdwIwTkGv50Usba6tVeRQS6g5IBJJ6mtqKWtyGfR2leNdU1hDZ6ldyWtncMolijJy4UEDec54yeM9+TX1L4U+Nml+C9G/sb4f6alrM4zcXLjMjkdg2OF64Ar8vjc6xo0u6zlLIP4H5H4HqP88V6n4S+IgYiK5glSQk5wQyn69DWjgCP0CTxdrfi66a48Tai5TOfJiOWYZ6Z/XnivpL4faVd6tpiBdunabEWXc/Bc9SeSDyD8uAPqcnP5x+H/AIraVpjx3r2rzGM52BTt4x1POR6jpXYeJ/2mvFmtWLWMTNZwSABwAVBAGO/+f5Vi4MpM/TiH4u+DNGv7/wAN6JcCW/trL7QWVQVKhhGcNjKspZWKjHUkAkUnhVLgeGDr92VZtSuXbeRh9qNgYyw+bqx4J9cV+bH7Pkur+JvFWtalp0nmTTWItCC3O6e4idSPb90QeM5Ir9TpdJTSdNsNKQMUso1Taf7wBDdCMHLE5xnJwMcAxJWGe06DqMttY77fchgcuv8Ac4Ofrggnoeo/Gvzg/aN+HfgXQ/ivPfXOh2EkGpY1WB/KAZjO5MolKbFYiUSfK24FNpJOa+77WZo7prHeGBwjEZ9iV4OO/POScjrzXi/7UmgN4s+EjeJLEPLqHhtjd/KGbNrNhLlQq4A2bUmckHasbYwCacHZlReup+YfxM8XaF4Jtota8PWNtYxqGinFlCkZPmFSsh24LbSuMHONxI9DT0L4n6drVh/ayoZYUHlncpXl/vEqw53EY5FfOXxe8SPqWmG2L8FtpGeo78fgMVn+EPFdjpFpPYajMsKXJG1nIC7hgrnPbqD9R2rmx2DU4uolqfqfh/xhVwNWOW1ZJUne1+j9T6yi1Lwdue6t9LijurhfnkSNVcqxydx287vfr15xVKJ/saonhcR2TlszSpHFG7oCCVzEqLu4AVmVioLeprwyP4gaRuOm3NwizBidwYEN9SCefrW8niPT4h532qJcjvIo/PmvGeHkj9to8Q4WorxnH70f/9P89TwMk8VZyDpV9CvVoWwPX1qsqrxj8fxqxbnKzx4+/C/8ia8zqetLVWOW+EtwY9IuCDjd5WT6cGvQr/UXjhyh+YdfbNeT/DOby9EkCY58vr9GrrrreVIzkAD9SK9A8q5BqBnurWWJRuY9Aw4yOmfUZ61554QmW019baJv3Vzugyw67+UyPZgD+Fegu4WMs3OK8uz9n1RZe0EuB9FbH8jTRLPojx9cvqvg3wTq9sjC3s9NutJeQ4AN1b6jdXkiL3O2G+tzuwBlsDkHHpP7IOqrpn7RPh6SWfyI5hdwsScBjJayqin1y+3A9cY5xXza6wguIYVZppEPmfxKqBsKD6Nu5HqB6Cur8Ias3hLxdpPigxeadNvLe62Z2lvJkV8Z7Zxii2lgP6F77VohqENmijESKGBBxlgD0Vgc547Yzxgiut0yW4hG4gSbSA+duzCrgDLYAx064+p6+cQTLc+IbkSysqLJtwMAYz164OOfvYHuTXpel276dCt1PhkjU4BJ3Htg4+YDP97H9a5GUzgfj9qh8K6LB8T4k+0vo1tc3RiV8Cb7JE0rIZBnH3dvQ4z+FfzgIgjjAToBgfhX72/teNPqn7NXiWPT3dpbb7LKBDnd5X2mFJPu87fKJLZ42A5OM1+EBhOdp+lb0dmyGYN+qsoL9s8e1XNOiFm5iAOegp2o2JW3abuq/Tiugs4FM5mbB2H68npxW1xpHXaSRHarAxy5+Y59Tjv+X5VpwSkSbj+Vc4so6ryRyTWv5ik5XsfT8v60ij334LfEK0+HXxAt/El2P9HaOSGYjOcMMoflIziQIeffiv1ikvLu9u7KCcBXdy8u45CBQS+Mkbs9lwCAuevNfhYZB5RHGehP+FfrN8JfHEfxE0a0123mWe6gsolut4C/6ZN8rtjoBmCRfowI4rGquoz6IsJ7gXckzH52k/1nOTzjAxngkE8Z755Bru7nQdH1fw9Jbayn2m0vEeC6hywBt7gGKVRtAIDKxXI6nngivL9NvsyLBHEWVsg8cKrKdpBOOMjIz2Ge4r1XwrrNheTf8I5ebgJ0YKevJ/ix6cnJH5VimM/l2+LGi6h4W8Q6p4N1Z45LnRLmaxneIlo2lgkMchQkAldy8EgH2Fc9FHHNJ5EyBlI6Hmvoj9trw1p3hT9o/wAa6NpedjXEd22eplvLeK6kP0MkrEegNfOMTgOGNdy1RBo2ml6bbblWBDu9QD/OtK30/S1bIgjU+u0dfwqrG25wB0q2HKEq1I0TP//U/PJD8u7rVyHPnMuOsbj/AMdNVoECE9z71bjVxOCnUg49OQa8w9foeWfDpgNLkDHGAmP1ruJHwpHXcQP1zx+VcH4DkWKykizjj8eCa7OVsMpb+91/A16J5A+XhCR34rzbUlEU8vq0p/Uqa9ElkO5UHP0zXnetuTqLQ8cSKfwISgD0S0BaGNx/dB+vFW5UJOD1Of51BakeSo64JH/fJx/SriFS6qew5/GquJH9HfhbSDHezX1w3yl24dcLktygB+9gYGee/Tt0Piy8ngzbaXbFSx+YbAAWBzlucDr2OecHPSvz98EftreG/Cnwwtdc1GUz67bwLAY52ADTqoVpCF/hYjIxk89AeaTw94i/bc8VaPN4xtby3t7NyWFhJBHANhJOEzl8rnpJjtnGa5HB9Sj7Hu9Bk13RtQ0XX0EljqdrJZ3UMZw3kzoY35XlTtPUHjjrX853iG01Twn4gv8AwvrQX7bpdzNaThPmXzYHaN8N3G5Tg+lfrJa/F74r6HqejXfxMhOi+WLm4vGMZMc9vBGDuRlLKyr85fZlgVHHOK/LrxRrLeLPEOo+KL2JY59Uu57yRASVV55GkYAnsC2BmtaUWrkyODvNRaeFkC/fXt2FdbbXDeT9nC7Dzk+/51iXNgDiZBwjAEfWt6CLGSoLA+nbFasET+YwIDH8ec1o/aGxkHj05rLEUmM4xzx0zVh4biU4iXJJzmpGX/trbAobgeuK+/8A9lU29h8MdQvZIo43u9RkzOeGeOGKMKM88KWkI+pwRmvzv+x3qn5lBJ96+qPgD8TdP8OeHNU8I6462wWYX8EhGGckLHIhYHoNiFQOcljzjiKqbjZDi7M/Xjwr4cl1mAI7K3m4DeYMblPXbgd8DHTPp6+kQ6H9jSS18H2S30pHmNMxRXYHn5N5OByORn654H5V+CPjZ8ZfGWptoPw7ZLu2tJRJPIgAdYjvcRMGKs8jKjKvqfxx3Ueg/HUatD4x8ca/HogkkAV7q9dFhxgBVt1KxkqMZ3sxyDkngVj7Pox3PiD/AIKJeHdf0L9prW9Q8QwfZjrdlYX1uhZWbyhbJakttJAIlt5FHPIAPevjJJD14x617D8btV8X+MviBfL411Q6reaU82m/aS7SiVYZ5WZlc4JV5HdlwAAGAAwK8flsrqIfMpwB1XJ/TrXbDRJMm42O4kR92SSD2rZiuvMcENkNgVz/AN/cw5x/n86anmKuQSNlJhc//9X88oG3gDqRV+zBFxFxwXAP41hK8iDCnCmrtpIRMhZuA4P615zierzHA+A9N+131zZKxjIEnbd0kxjqPWvRb7wxexWwuLNjPsbJTYVbGD0GTnr06/pVD4J6bJqXjjULRQCFiuHyRkYE6jJFfU8XhGY8OI/b8+nSu1yPLZ87+FpoLKBrqYbZZuOfvBQTx+J5/wD1V5L43ZX8bXLpwC0R9v8AVpmvtzUfAkN+g+3wB2H3ZYm2yAexIIOOwPHtXxh8QdIOi+N7+wdmf7P5fzOoU/NEjDIBb19Tn9KcXdks9D8PWcU2hwXLxBt7Snd34kYda1JNPsRkhNn1zU3gC/jTwzaw4BYGXk+8jGu3uXgS1NzPAJ1XqsQZ35/2QtMDk9Bu7bw34i03xA9uLgWN3BP5WN+/y5A20A8EnsKn8TfEj44+KZxqvjPxXqNvcb96W9ncvbRQsCSoVISq5XJAZstj+I1DaXl/c3P2TTdIvAXO3eYmCjP+3KFUe/IHanT+BPGWrXItZYRBFzh5ZUYL6Z2M5/IVcVFayM5NvYg8R/Gz4leLvhsvwq8Z6vPqsMepw6hBJMN0oEcUsbq024Erl1IUqxJBO4YAPlsrzM221Y5PbJxXqz/BfxLnLXNnnBBO+Tgdv+Wf9K1dH+EhtmE+uXR3qWAjtk3ZBHB8xyuOeo2HI75qG430KV+p4rb2Grq+645Ue+f5VtrpuuaiR5SligwCPlP6jn9cV9Mab4V0ayCLDZkvgAs43ZPr82QPwxXUxWHkr5ax4xjtyP0//VUuRVj46l0XxbCBiCWUf3QMN+Wefw59qghlmtpmhuxJDMhHyOpVh9QcGvs9tPmeIRw7xnrzkHp7f0qA6PdvEYJE82Jjlo5FV1PpwQQaOcdj5cs55WQKx3fXrj/CtX7KlzGXhyknORnGf908c+35Zr22/wDh/ot+xk+zGymY8NDhVzjH3D8oA7gAfUVyGqeCta0cfa3h+32seSXjBVwowDuQc9c/dJ4GTgUJodjG179prxx4E8H2Xw3+HNlb6SkEX7y72l5jKxy7ICAFZm+Ylt3J9gB8w6p4o8QeKtU/t/xlez6tec4lupGlZQTnC7iQgz2UAD0FfQ8mheDPEDie8sxKWH3vMlye3Z66Wz+EngO5TI035OvEsyjH131cZRj0IabPmiHW7O6IEsW0jqVOM/h0/IdauxTabK5BlZR7jv8Aga+mB8Fvh+sgMdsYvVRcSDP/AH0xPr3qpdfCXwDCxf7MmDnH7+ckY9w47fWjniHLI8aj0rTZlWN5o5AeAeep9yBitKPwHYyNsZCrfiR/OvST8M/h7HOssgfKEbV86UqTxgnLE4/zzXbRt4atoPsnzSBF4BPPHXBOSDUymuhSR//W/NoydFHAq7Cc4Yc4IP61kRkg7s9R+taEZGzAriaPSZrfAqVovHOqNEdjCGfk+n2hP6kV9bw30zAfv0GPcCvhjwDf/wBm+KtRkBI3LMvH/XZT/SvVT4judpfeQwOeK6HE85s+oH1OGNcmaPPqDzjPvz+VfE3xqSNPG17cwuHWeOFgR04j2Y/8drpLjXbmSQncQCOMZryzxlK1xODIckquM9f46qMbMhs+lvhFpnhnW/AKWmtRKJYp5FjlQ7JADtbrjBAzxuDAdu9auv8Ag/UtHVtQ0mYXlqgLMBjzUUcnco4YAYJI9ztCjNeIeC9YvdP0ZorY8GZjz+Hb8K7O38Va4kyOtwYQhDAoSDkdOc0mncLno3h+8MpWS4PyevHJPTmu0l8T6bYyNDDCG8vGWIxn0x/SvmGHXnvtNe0XICyOgAOOjngjHQgcY6dKsLfXTJ5bMcBcc9OBgfypOI+Y+jbn4g+XtWBUCfQZrIufH90xO119RjAwe2OK8Ie7eQAsx4//AFVXe4Mjd8Yx/kUuQfMezf8ACwr7buEoBHQ8Dr15qM+PL08rOctx1x7jnr65rxcykDqeajaZt3NPlFc9hPje+QiPz8qpzgHn0/kay77xvqZXYs5IVgOpyAew5rzDzAGLfrSb8qQePyo5Q5jvh4r1KN2RZjj7wAzwT979efxq5b+Mtb0u4XUoZ87WBK5yGUgZB/EZ/GvNvtBjYOScj/P9Kie9upF8ov8AL/k/zo5QudTruvWN14qj1GyVYI71GkaNeBuQgMfYtkZx/Fk963V8fXURSzl+XYpRtpGPr+prxLVbgR6lYWrHB/esCODztxz6ZFWYriNk3s+WPU5FOwXPYZfF4ZN0bn8z1rOk8XFsODlhgj2Nedqkzp5mGZB/FzgfjSBS455zRYZ1U3iKcuUjbCnOOuR1I/CqkmtTygGRiSOlYYiYnnn6U47IsF2Cj3OKLAf/2Q==	1992-08-21	\N	resident	\N	2026-03-12 21:03:03.645+00	{Minakhor,Тигр,Тигран,Минихер,Minahor,Животное}	\N
13f7d324-d6da-4e04-a1ee-3f86654cded4	Бес	t	0	0	\N	client	\N	2026-03-03 22:35:50.139968+00	2026-03-11 17:15:20.853294+00	\N	\N	\N	\N	resident	Beslan9020	\N	{Bes,Бесик,Бесан}	\N
65c7efc5-84aa-481d-a1ea-8544c0ed0692	Белый	t	0	0	\N	client	\N	2026-03-03 22:35:50.139968+00	2026-03-11 17:15:53.454701+00	\N	\N	\N	\N	resident	ivan_mishenko	\N	{Belyy,Белый,Ваня,Иван}	\N
0b93d148-4d06-48d2-96b4-c2f6c1bc23f4	Дита	t	0	0	\N	client	\N	2026-03-03 22:35:50.139968+00	2026-03-11 17:16:58.678431+00	+79289150980	\N	\N	\N	resident	cntrl_alt_del	\N	{Dita,Залина}	\N
8f759c93-66bf-41fb-ad55-a75f96428250	Завклубом	t	0	0	\N	client	\N	2026-03-03 22:35:50.139968+00	2026-03-11 17:17:43.143762+00	+79104545558	\N	\N	\N	resident	artur_haev	\N	{Zavklubom,Артур}	\N
c3a27875-ae1e-40da-90f0-ffa973212a39	Красавчик	f	0	0	\N	client	\N	2026-03-03 22:35:50.139968+00	2026-03-11 16:14:55.654557+00	\N	\N	\N	\N	regular	\N	\N	{Krasavchik}	\N
0bbe7fea-7d2c-480f-97d3-0a1b728db0f6	Кэт	t	0	37	\N	client	\N	2026-03-03 22:35:50.139968+00	2026-03-13 20:45:38.339372+00	+79043930906	\N	\N	\N	resident	KatrineGreat	\N	{Ket,Кэт,Катя,Екатерина,Великая,Кет}	\N
b1504831-8537-46ec-8956-10d5ab2d372b	Малекула	t	-3610	0	\N	client	\N	2026-03-03 22:35:50.139968+00	2026-03-11 17:20:29.345014+00	+79674230733	\N	\N	\N	resident	Marita_molecule	\N	{Malekula,Молекула,Марита}	\N
dcce2069-653f-4189-9710-6d02e54b81a6	Луи	f	0	0	\N	client	\N	2026-03-03 22:35:50.139968+00	2026-03-11 16:14:55.654557+00	\N	\N	\N	\N	regular	\N	\N	{Lui}	\N
4355475b-7afd-497a-8206-dcaed5684baf	Сирена	f	0	0	\N	client	\N	2026-03-03 22:35:50.139968+00	2026-03-11 16:14:55.654557+00	\N	\N	\N	\N	regular	\N	\N	{Sirena}	\N
a0e24fc9-47a4-4c6b-9cee-d984fccca849	Адвокат	f	0	0	\N	client	\N	2026-03-03 22:35:50.139968+00	2026-03-11 16:14:55.654557+00	\N	\N	\N	\N	regular	\N	\N	{Advokat}	\N
c942854a-be03-4b0d-a1a7-772d488f50f7	Зайка	f	0	0	\N	client	\N	2026-03-03 22:35:50.139968+00	2026-03-11 16:14:55.654557+00	\N	\N	\N	\N	regular	\N	\N	{Zayka}	\N
6fb8228b-289b-4f2d-8f71-1e5dd7a791c1	Фил	f	0	0	\N	client	\N	2026-03-03 22:35:50.139968+00	2026-03-11 16:14:55.654557+00	+79280774250	\N	\N	\N	regular	\N	\N	{Fil}	\N
2450cc0f-6740-4a78-a706-4c6a069e371b	SOZA	f	0	81	\N	client	\N	2026-03-03 22:35:50.139968+00	2026-03-13 21:43:35.395791+00	+79286916474	\N	\N	\N	regular	\N	\N	{СОЗА,Марат,Сооза,Соооза,Сооооза}	\N
cc6bbba1-2553-4993-bd13-36db1b4ec999	DULASHA	t	-1940	0	\N	client	\N	2026-03-03 22:35:50.139968+00	2026-03-13 22:46:11.074936+00	+79289164998	\N	\N	\N	resident	\N	\N	{Дулаша,Дуля,Заля}	\N
5fe33972-4df0-4af1-a488-4e131b56c6ee	Булочка	f	0	0	\N	client	\N	2026-03-03 22:35:50.139968+00	2026-03-11 16:14:55.654557+00	+79603170000	\N	\N	\N	regular	\N	\N	{Bulochka}	\N
341d24ad-940a-4e07-b8b3-3e8e6feb76d9	Зёма	f	0	0	\N	client	\N	2026-03-03 22:35:50.139968+00	2026-03-11 16:14:55.654557+00	+79061898497	\N	\N	\N	regular	\N	\N	{Zyoma}	\N
ca48160a-4608-4345-8f50-9a3938ba026c	Паранойя	f	0	0	\N	client	\N	2026-03-03 22:35:50.139968+00	2026-03-11 16:14:55.654557+00	+79631687519	\N	\N	\N	regular	\N	\N	{Paranoyya}	\N
7d145a30-1366-41f6-acbb-c5799d393cf5	Томас Шелби	f	0	0	\N	client	\N	2026-03-03 22:35:50.139968+00	2026-03-11 16:14:55.654557+00	+79888366091	\N	\N	\N	regular	\N	\N	{"Tomas Shelbi"}	\N
654e241e-b34e-4cd7-8fe0-a89488316d70	Саймон	t	0	0	\N	client	\N	2026-03-03 22:35:50.139968+00	2026-03-11 17:24:27.056116+00	+79389134210	\N	1994-04-03	\N	resident	saymorethanw	\N	{Saymon,Симен,Семен,Сема,Саймон,Саймор}	\N
23559e65-c66a-4ca0-9cd2-bcec8dde0795	BITTIR	t	0	111	\N	client	\N	2026-03-03 22:35:50.139968+00	2026-03-11 21:08:42.962527+00	+79380822144	\N	\N	\N	resident	\N	\N	{БИТТИР,Танцор,Азик,Азамат}	\N
8c1f97c3-50c5-41fb-a139-3e2ee4743b74	Китана	t	1860	37	\N	client	\N	2026-03-03 22:35:50.139968+00	2026-03-14 20:10:07.723437+00	+79287117795	\N	1999-12-08	\N	resident	zaznobazu	\N	{Kitana,Зухра,Зухрища,Зу}	\N
75b38a01-37fa-4a42-be89-f71840b4a1b1	Зара	f	0	0	\N	client	\N	2026-03-03 22:35:50.139968+00	2026-03-11 16:14:55.654557+00	+79034257046	\N	\N	\N	regular	\N	\N	{Zara}	\N
31c98434-b3d4-483d-ade4-581065f672ab	МРАК	f	0	0	\N	client	\N	2026-03-03 22:35:50.139968+00	2026-03-11 16:14:55.654557+00	+79674242541	\N	\N	\N	regular	\N	\N	{MRAK}	\N
162dffc9-a05d-4541-beb8-4f4b3725d582	СКОРПИОН	f	0	0	\N	client	\N	2026-03-03 22:35:50.139968+00	2026-03-11 16:14:55.654557+00	+79287002370	\N	\N	\N	regular	\N	\N	{SKORPION}	\N
b0831b4b-93e0-48aa-b183-a532fb794477	Гейский ней	f	0	0	\N	client	\N	2026-03-05 18:25:54.878051+00	2026-03-11 17:15:35.780807+00	\N	\N	\N	\N	regular	\N	2026-03-11 17:15:35.431+00	{"Geyskiy ney"}	\N
ac59f3cb-1af9-46ca-9cbb-88dc64796eb8	Подкова	f	0	36	\N	client	\N	2026-03-03 22:35:50.139968+00	2026-03-13 20:45:58.224266+00	+79993002513	\N	1987-10-02	\N	regular	\N	\N	{Podkova,Надкова,Нальюс,Наля,Марина}	\N
4be9a28e-b60b-4bb8-a383-13067f15d2b6	Добрый	f	0	25	\N	client	\N	2026-03-03 22:35:50.139968+00	2026-03-13 21:36:48.234571+00	+79640307560	\N	\N	\N	regular	\N	\N	{Dobryy,Джабер,Джабраил,Жабраил,Жабер,Жебер}	\N
be01bf28-921a-4e02-8eb9-7b1af57cf399	Лазер	t	-80	34	\N	client	\N	2026-03-03 22:35:50.139968+00	2026-03-13 22:22:05.26635+00	\N	\N	\N	\N	resident	ABVGD0007	\N	{Lazer,Зарина,Тайка}	\N
c81d5987-42e6-4655-acc3-c6f73af47d44	Кобра	t	0	25	\N	client	\N	2026-03-03 22:35:50.139968+00	2026-03-14 20:36:23.595731+00	\N	\N	\N	\N	resident	Kobra_Kaa	\N	{Kobra,Альберт}	\N
5386c853-1481-40c3-9050-b9b93705181a	Сол Гудман	f	0	240	\N	client	\N	2026-03-07 17:50:08.406303+00	2026-03-14 23:03:08.565864+00	\N	\N	\N	\N	regular	\N	\N	{"Sol Gudman"}	\N
13c59f85-0325-401c-8b2e-986399ca7042	Альфа	f	0	0	\N	client	\N	2026-03-03 22:35:50.139968+00	2026-03-11 16:14:55.654557+00	+79287005807	\N	\N	\N	regular	\N	\N	{Alfa}	\N
f85b53ab-d48b-4131-9763-b68fc91d4398	Подсолнух	f	0	0	\N	client	\N	2026-03-03 22:35:50.139968+00	2026-03-11 16:14:55.654557+00	+79889277630	\N	\N	\N	regular	\N	\N	{Podsolnukh}	\N
8fccd9e6-a804-4d60-9604-c0db68b7a7e3	Смурфик	f	0	0	\N	client	\N	2026-03-03 22:35:50.139968+00	2026-03-11 16:14:55.654557+00	+79674112272	\N	\N	\N	regular	\N	\N	{Smurfik}	\N
b6f2afdc-3e25-4036-b80f-2d4a6664afbe	Кир	f	0	0	\N	client	\N	2026-03-03 22:35:50.139968+00	2026-03-11 16:14:55.654557+00	+79887263128	\N	\N	\N	regular	\N	\N	{Kir}	\N
\.


--
-- Data for Name: bonus_history; Type: TABLE DATA; Schema: public; Owner: postgres
--

COPY "public"."bonus_history" ("id", "profile_id", "amount", "balance_after", "reason", "created_at") FROM stdin;
def66bff-ab8c-4384-99ce-4816d34dbd10	9de868be-7c79-4816-8010-8bbf7839e7b2	20	20	Начисление 4% от 500₽	2026-03-11 16:41:10.644015+00
ce90f6af-a48a-48fd-b39f-22be6c3e6130	bd6db6d7-8834-4a74-ab9d-f43fc83d6190	41	41	Начисление 5% от 820₽	2026-03-11 20:51:04.110096+00
77541a14-ca1d-4fe5-9f1a-c08a0cb5696e	23559e65-c66a-4ca0-9cd2-bcec8dde0795	111	111	Начисление 5% от 2220₽	2026-03-11 21:08:43.360189+00
b6fd130e-290c-4e3e-9020-42d946b5ef87	4b4e3556-4c07-4963-a8c1-72c0e9f13ee3	40	40	Начисление 5% от 800₽	2026-03-11 21:39:15.892037+00
9ea61807-b219-4f84-a24e-56f3dc9fd939	8c1f97c3-50c5-41fb-a139-3e2ee4743b74	37	37	Начисление 5% от 740₽	2026-03-11 21:51:27.482047+00
d2d9ed54-4447-4a8d-8e00-94bd49ff05af	9de868be-7c79-4816-8010-8bbf7839e7b2	29	29	Начисление 5% от 580₽	2026-03-11 22:19:41.879323+00
69f6f1c9-b98c-480e-81f4-3a69202feefc	6a6082d5-224d-4dcc-82bb-0dcaf75d39dc	80	80	Начисление 5% от 1600₽	2026-03-11 22:19:55.237422+00
79634a05-4c85-4360-96a4-00d002dac7f0	4b4e3556-4c07-4963-a8c1-72c0e9f13ee3	25	65	Начисление 5% от 500₽	2026-03-12 16:26:00.392331+00
75d24092-b6ca-4715-bebb-ae3b53fed352	1af9d12c-f0d4-4417-9c48-7c1e458d328a	85	85	Начисление 5% от 1700₽	2026-03-12 18:29:18.427931+00
50aa5f32-1234-4f87-9b64-1a27ab4d4823	010571ee-1f42-4936-a4e4-aa6da74c0ab8	50	50	Начисление 5% от 1000₽	2026-03-12 22:41:25.044489+00
9fb26fe0-cf3f-4a4d-8039-3d85370f9442	feba97f3-375d-4d93-a2f4-f76a8734505d	31	31	Начисление 5% от 620₽	2026-03-12 22:56:50.310486+00
74827d35-c429-4ac4-8158-50f6867a3a46	0bbe7fea-7d2c-480f-97d3-0a1b728db0f6	37	37	Начисление 5% от 740₽	2026-03-13 20:45:38.870888+00
dcb5eda3-736e-4f60-a42a-8485fbddb832	ac59f3cb-1af9-46ca-9cbb-88dc64796eb8	36	36	Начисление 5% от 730₽	2026-03-13 20:45:58.638662+00
d1e05a29-ee26-44ad-9a27-9d25eaf580fe	4be9a28e-b60b-4bb8-a383-13067f15d2b6	25	25	Начисление 5% от 500₽	2026-03-13 21:36:49.104944+00
9c49df09-7174-4d79-bb4c-1c9e5d826a4c	2450cc0f-6740-4a78-a706-4c6a069e371b	81	81	Начисление 5% от 1620₽	2026-03-13 21:43:35.703148+00
88d29164-dba6-42ee-8968-2118c6fbaec5	2450cc0f-6740-4a78-a706-4c6a069e371b	81	81	Начисление 5% от 1620₽	2026-03-13 21:43:36.30005+00
bc22eccf-c86e-4a95-b265-af00471a0743	c3d56713-377d-4a63-b222-b3c4ad078414	26	26	Начисление 5% от 530₽	2026-03-13 21:44:30.185432+00
d561dedf-cf96-473b-827a-c0b87a0bcb27	be01bf28-921a-4e02-8eb9-7b1af57cf399	34	34	Начисление 5% от 680₽	2026-03-13 22:22:05.695638+00
6622f8ff-7c5a-4a19-8b70-e4c0242de87e	a06d7cb3-870d-4914-8625-dea07dc08ff3	90	90	Начисление 5% от 1800₽	2026-03-13 22:44:19.040215+00
8596d6f5-1370-43f2-a9a7-330aa985cc8b	c81d5987-42e6-4655-acc3-c6f73af47d44	25	25	Начисление 5% от 500₽	2026-03-14 20:36:24.038973+00
4ca1f983-f51d-4676-973f-39e2d320ca5b	6a6082d5-224d-4dcc-82bb-0dcaf75d39dc	28	108	Начисление 5% от 560₽	2026-03-14 20:42:27.484078+00
f20ed47f-5af6-43c1-8b9f-b001772ec7d4	010571ee-1f42-4936-a4e4-aa6da74c0ab8	50	100	Начисление 5% от 1000₽	2026-03-14 20:42:43.714454+00
27b6890b-20b5-4827-8b61-dfa38602e7ad	00f2e6fe-74cc-4e38-a333-8dc1feee1b01	37	62	Начисление 5% от 750₽	2026-03-14 22:09:16.661286+00
dc21e10a-dcc8-4494-8bbb-9519afa5c30b	5386c853-1481-40c3-9050-b9b93705181a	120	120	Начисление 5% от 2410₽	2026-03-14 23:02:59.314651+00
00706ce5-cb1c-441e-92b8-2253e2496368	5386c853-1481-40c3-9050-b9b93705181a	120	240	Начисление 5% от 2410₽	2026-03-14 23:03:09.004476+00
6e7eaebf-e9df-47bb-abc1-66791d086111	4b4e3556-4c07-4963-a8c1-72c0e9f13ee3	37	77	Начисление 5% от 740₽	2026-03-14 23:04:32.601114+00
74f10609-e33f-448a-82a6-110ffbeca1fc	0294bf15-61fe-43d7-b9ee-60e55e16295c	72	72	Начисление 5% от 1450₽	2026-03-14 23:04:56.149798+00
45f4e342-4075-4bdc-8ae2-3f3e6fbfab34	0294bf15-61fe-43d7-b9ee-60e55e16295c	72	144	Начисление 5% от 1450₽	2026-03-14 23:05:17.032381+00
f20d6a57-d315-4dab-ae3c-9d9921d383e8	a06d7cb3-870d-4914-8625-dea07dc08ff3	107	197	Начисление 5% от 2150₽	2026-03-14 23:05:48.770599+00
\.


--
-- Data for Name: certificates; Type: TABLE DATA; Schema: public; Owner: postgres
--

COPY "public"."certificates" ("id", "code", "nominal", "balance", "is_used", "used_by", "created_by", "created_at", "used_at") FROM stdin;
\.


--
-- Data for Name: shifts; Type: TABLE DATA; Schema: public; Owner: postgres
--

COPY "public"."shifts" ("id", "opened_by", "closed_by", "status", "cash_start", "cash_end", "note", "opened_at", "closed_at", "evening_type") FROM stdin;
8a59de9c-3d19-410b-8111-d693b8f102c0	1af9d12c-f0d4-4417-9c48-7c1e458d328a	1af9d12c-f0d4-4417-9c48-7c1e458d328a	closed	4750	4870	\N	2026-03-11 16:32:15.256812+00	2026-03-11 23:19:58+00	\N
825ce810-056a-4b92-a383-3932aaa4f953	1af9d12c-f0d4-4417-9c48-7c1e458d328a	1af9d12c-f0d4-4417-9c48-7c1e458d328a	closed	4870	4870	\N	2026-03-12 12:59:54.262971+00	2026-03-12 16:23:23.247+00	\N
d3260af7-0b16-4ba2-a798-47aa8a4a2cab	1af9d12c-f0d4-4417-9c48-7c1e458d328a	1af9d12c-f0d4-4417-9c48-7c1e458d328a	closed	4870	4870	\N	2026-03-12 16:23:48.000549+00	2026-03-12 16:23:55.552+00	\N
b1748121-b455-4ae3-a343-a2fd5f6a787d	1af9d12c-f0d4-4417-9c48-7c1e458d328a	1af9d12c-f0d4-4417-9c48-7c1e458d328a	closed	4870	5270	\N	2026-03-12 16:24:59.460113+00	2026-03-12 23:07:38.33+00	\N
07530c5c-7e5c-4cbe-bc4f-142c71c055a5	1af9d12c-f0d4-4417-9c48-7c1e458d328a	1af9d12c-f0d4-4417-9c48-7c1e458d328a	closed	5270	5270	\N	2026-03-13 00:55:46.996874+00	2026-03-13 01:18:19.345+00	\N
17d94428-1771-4973-9606-fa203d7192f6	1af9d12c-f0d4-4417-9c48-7c1e458d328a	1af9d12c-f0d4-4417-9c48-7c1e458d328a	closed	8000	14135	\N	2026-03-13 16:53:48.688278+00	2026-03-14 00:00:21.922+00	\N
47cea978-5ce7-4445-8ded-ae11f044f590	1af9d12c-f0d4-4417-9c48-7c1e458d328a	1af9d12c-f0d4-4417-9c48-7c1e458d328a	closed	14135	18295	\N	2026-03-14 16:38:32.641812+00	2026-03-15 00:55:16.45+00	\N
bce243d0-bc3f-41a9-a5a0-c690ef2cce68	1af9d12c-f0d4-4417-9c48-7c1e458d328a	1af9d12c-f0d4-4417-9c48-7c1e458d328a	closed	18295	18295	\N	2026-03-15 13:18:01.419623+00	2026-03-15 13:18:30.371+00	no_event
e5336095-eed8-48fc-933b-23a3246fdd4f	1af9d12c-f0d4-4417-9c48-7c1e458d328a	1af9d12c-f0d4-4417-9c48-7c1e458d328a	closed	18295	18295	\N	2026-03-15 13:18:49.320302+00	2026-03-15 16:06:03.207+00	no_event
6c52cca5-3860-4999-8b0a-b58f34abdb1a	1af9d12c-f0d4-4417-9c48-7c1e458d328a	1af9d12c-f0d4-4417-9c48-7c1e458d328a	closed	18295	18295	\N	2026-03-15 16:06:07.032161+00	2026-03-15 16:28:00.988+00	no_event
706fb391-f565-4eb9-ad0d-777e0faa9060	1af9d12c-f0d4-4417-9c48-7c1e458d328a	1af9d12c-f0d4-4417-9c48-7c1e458d328a	closed	18295	18295	\N	2026-03-15 16:28:02.839034+00	2026-03-16 10:42:39.379+00	no_event
fffc8406-dfa6-45b1-a84c-18986c2d215e	6a267077-8c76-4337-9144-b24dea885f62	6a267077-8c76-4337-9144-b24dea885f62	closed	18295	0	\N	2026-03-16 22:23:09.844646+00	2026-03-16 22:36:28.147+00	no_event
8cb5ca0d-5929-4d4f-be0e-c997e2111ab2	1af9d12c-f0d4-4417-9c48-7c1e458d328a	6a267077-8c76-4337-9144-b24dea885f62	closed	18295	18295	\N	2026-03-16 16:30:07.897579+00	2026-03-16 23:09:50.855+00	no_event
afd1b432-bdff-44f7-aaf2-35ff88014600	1af9d12c-f0d4-4417-9c48-7c1e458d328a	1af9d12c-f0d4-4417-9c48-7c1e458d328a	closed	18295	18295	\N	2026-03-17 12:50:38.917751+00	2026-03-17 13:21:21.732+00	no_event
d90a7ecc-c1a4-4446-980c-0c9b70517248	1af9d12c-f0d4-4417-9c48-7c1e458d328a	1af9d12c-f0d4-4417-9c48-7c1e458d328a	closed	18295	18595	\N	2026-03-17 13:29:54.272825+00	2026-03-17 16:49:10.281+00	no_event
579dd954-24cf-4128-a183-f8f71e851549	1af9d12c-f0d4-4417-9c48-7c1e458d328a	\N	open	18595	\N	\N	2026-03-17 16:49:20.685417+00	\N	city_mafia
\.


--
-- Data for Name: spaces; Type: TABLE DATA; Schema: public; Owner: postgres
--

COPY "public"."spaces" ("id", "name", "type", "hourly_rate", "is_active") FROM stdin;
91327ba7-b106-418b-9498-63d2031cb985	Маленькая кабинка	cabin_small	250	t
f48ce9da-7615-4ab7-ba84-ca59148fe8e5	Большая кабинка	cabin_big	500	t
5e06a03c-3cef-4d22-a57e-a8ef28d0c943	Зал	hall	\N	t
\.


--
-- Data for Name: checks; Type: TABLE DATA; Schema: public; Owner: postgres
--

COPY "public"."checks" ("id", "player_id", "staff_id", "status", "total_amount", "payment_method", "bonus_used", "created_at", "closed_at", "shift_id", "note", "discount_total", "space_id", "guest_names", "certificate_used", "certificate_id") FROM stdin;
3e7ab41e-5fd5-472f-8b3f-6a7a407adb26	00f2e6fe-74cc-4e38-a333-8dc1feee1b01	6a267077-8c76-4337-9144-b24dea885f62	closed	750	card	0	2026-03-14 22:08:40.912994+00	2026-03-14 22:09:14.86+00	47cea978-5ce7-4445-8ded-ae11f044f590	\N	0	\N	\N	0	\N
1914a942-7a26-4dbc-b542-60f493f80619	9de868be-7c79-4816-8010-8bbf7839e7b2	1af9d12c-f0d4-4417-9c48-7c1e458d328a	closed	500	cash	0	2026-03-11 16:41:04.602506+00	2026-03-11 16:41:09.343+00	8a59de9c-3d19-410b-8111-d693b8f102c0	\N	0	\N	\N	0	\N
62a6e48f-cccc-43de-9959-ff600142c384	5386c853-1481-40c3-9050-b9b93705181a	1af9d12c-f0d4-4417-9c48-7c1e458d328a	closed	2410	cash	0	2026-03-14 16:38:40.986136+00	2026-03-14 23:03:07.59+00	47cea978-5ce7-4445-8ded-ae11f044f590	\N	0	\N	\N	0	\N
f5e107aa-2b01-4918-b1d1-4247d59f2bdc	\N	1af9d12c-f0d4-4417-9c48-7c1e458d328a	closed	920	card	0	2026-03-14 16:40:06.656426+00	2026-03-14 23:03:45.488+00	47cea978-5ce7-4445-8ded-ae11f044f590	\N	0	\N	\N	0	\N
fb975ba1-2bd5-42be-aada-5806eb7af0de	4b4e3556-4c07-4963-a8c1-72c0e9f13ee3	6a267077-8c76-4337-9144-b24dea885f62	closed	740	card	0	2026-03-14 19:32:45.312337+00	2026-03-14 23:04:31.05+00	47cea978-5ce7-4445-8ded-ae11f044f590	\N	0	\N	\N	0	\N
4fcc58b9-456d-4a4b-a4ec-7646253375e6	0294bf15-61fe-43d7-b9ee-60e55e16295c	1af9d12c-f0d4-4417-9c48-7c1e458d328a	closed	1450	card	0	2026-03-14 16:48:39.498899+00	2026-03-14 23:05:15.643+00	47cea978-5ce7-4445-8ded-ae11f044f590	\N	0	\N	\N	0	\N
de6170f7-b923-470a-8520-a78e1a550fb5	a06d7cb3-870d-4914-8625-dea07dc08ff3	1af9d12c-f0d4-4417-9c48-7c1e458d328a	closed	2150	card	0	2026-03-14 16:56:38.049045+00	2026-03-14 23:05:46.723+00	47cea978-5ce7-4445-8ded-ae11f044f590	\N	0	\N	\N	0	\N
b7e17bf4-929d-4f07-ad2b-1c76c066bcaf	081fe3de-e50d-4204-b5ad-379c5f69ff8b	1af9d12c-f0d4-4417-9c48-7c1e458d328a	closed	550	debt	0	2026-03-14 16:52:30.597314+00	2026-03-14 23:28:41.901+00	47cea978-5ce7-4445-8ded-ae11f044f590	\N	200	\N	\N	0	\N
4fffc396-239d-4c8b-b996-e7159dddd377	cc6bbba1-2553-4993-bd13-36db1b4ec999	1af9d12c-f0d4-4417-9c48-7c1e458d328a	closed	370	debt	0	2026-03-12 19:49:14.997348+00	2026-03-12 22:47:39.56+00	b1748121-b455-4ae3-a343-a2fd5f6a787d	\N	0	\N	\N	0	\N
b4cfc36f-b8e3-491d-8b03-cf7d76124057	feba97f3-375d-4d93-a2f4-f76a8734505d	1af9d12c-f0d4-4417-9c48-7c1e458d328a	closed	620	split	0	2026-03-12 20:15:10.649107+00	2026-03-12 22:56:39.193+00	b1748121-b455-4ae3-a343-a2fd5f6a787d	\N	0	\N	\N	0	\N
48a025ea-26eb-4083-8be0-6871cc843302	7d77c549-b27d-4446-8a1e-0712ddb0a387	ac7986d1-fd2a-4b2a-883c-e2cc4e22de27	closed	490	deposit	0	2026-03-11 17:39:46.668078+00	2026-03-11 19:29:43.245+00	8a59de9c-3d19-410b-8111-d693b8f102c0	\N	0	\N	\N	0	\N
6bcebcd9-8f3b-410e-93c7-a7465b724312	bd6db6d7-8834-4a74-ab9d-f43fc83d6190	ac7986d1-fd2a-4b2a-883c-e2cc4e22de27	closed	820	cash	0	2026-03-11 17:41:12.157811+00	2026-03-11 20:50:58.88+00	8a59de9c-3d19-410b-8111-d693b8f102c0	\N	0	\N	\N	0	\N
29f8253a-df9a-4aad-bcf4-7f24b3e457e4	23559e65-c66a-4ca0-9cd2-bcec8dde0795	ac7986d1-fd2a-4b2a-883c-e2cc4e22de27	closed	2220	card	0	2026-03-11 18:19:56.999826+00	2026-03-11 21:08:39.278+00	8a59de9c-3d19-410b-8111-d693b8f102c0	\N	0	\N	\N	0	\N
f02f74ae-cacc-4f81-9d72-666f8b8822c6	4b4e3556-4c07-4963-a8c1-72c0e9f13ee3	ac7986d1-fd2a-4b2a-883c-e2cc4e22de27	closed	800	cash	0	2026-03-11 17:38:40.465869+00	2026-03-11 21:39:11.767+00	8a59de9c-3d19-410b-8111-d693b8f102c0	\N	0	\N	\N	0	\N
7ab09359-37f8-4f04-8339-6b36fd3af5b1	8c1f97c3-50c5-41fb-a139-3e2ee4743b74	ac7986d1-fd2a-4b2a-883c-e2cc4e22de27	closed	740	card	0	2026-03-11 17:41:31.735509+00	2026-03-11 21:51:25.856+00	8a59de9c-3d19-410b-8111-d693b8f102c0	\N	0	\N	\N	0	\N
fd6f3460-ec6f-4159-9f1a-922d7508223b	23559e65-c66a-4ca0-9cd2-bcec8dde0795	ac7986d1-fd2a-4b2a-883c-e2cc4e22de27	closed	120	card	0	2026-03-11 21:30:37.914369+00	2026-03-11 21:52:23.782+00	8a59de9c-3d19-410b-8111-d693b8f102c0	\N	0	\N	\N	0	\N
7aec90d8-c6b9-4c3e-b8bb-a6a1a54e7a6e	00f2e6fe-74cc-4e38-a333-8dc1feee1b01	ac7986d1-fd2a-4b2a-883c-e2cc4e22de27	closed	500	cash	0	2026-03-11 17:38:30.589686+00	2026-03-11 21:58:33.858+00	8a59de9c-3d19-410b-8111-d693b8f102c0	\N	0	\N	\N	0	\N
c0d7a087-b145-472a-9e8d-853432c6a949	9de868be-7c79-4816-8010-8bbf7839e7b2	ac7986d1-fd2a-4b2a-883c-e2cc4e22de27	closed	580	card	0	2026-03-11 18:54:04.59423+00	2026-03-11 22:19:35.999+00	8a59de9c-3d19-410b-8111-d693b8f102c0	\N	0	\N	\N	0	\N
231cfee2-0aba-4f15-b122-0a7aa1f040e8	6a6082d5-224d-4dcc-82bb-0dcaf75d39dc	ac7986d1-fd2a-4b2a-883c-e2cc4e22de27	closed	1600	card	0	2026-03-11 17:42:21.751348+00	2026-03-11 22:19:49.527+00	8a59de9c-3d19-410b-8111-d693b8f102c0	\N	0	\N	\N	0	\N
2e22c013-e50d-475a-8aec-5dde5ba6f5b1	081fe3de-e50d-4204-b5ad-379c5f69ff8b	ac7986d1-fd2a-4b2a-883c-e2cc4e22de27	closed	300	debt	0	2026-03-11 17:39:11.424519+00	2026-03-11 22:20:36.495+00	8a59de9c-3d19-410b-8111-d693b8f102c0	\N	200	\N	\N	0	\N
b5f43ae8-d043-426b-b2b9-01c833bd9fce	bf065700-4f03-401a-9a57-ca582a69831b	ac7986d1-fd2a-4b2a-883c-e2cc4e22de27	closed	720	debt	0	2026-03-11 17:38:55.902195+00	2026-03-11 22:20:43.366+00	8a59de9c-3d19-410b-8111-d693b8f102c0	\N	0	\N	\N	0	\N
9d27e1b1-1a86-4230-b1aa-452404dc28dc	a0261b03-0a6c-43d8-b5ce-77b769d0b3e5	ac7986d1-fd2a-4b2a-883c-e2cc4e22de27	closed	1670	debt	0	2026-03-11 17:20:18.488732+00	2026-03-11 22:21:06.061+00	8a59de9c-3d19-410b-8111-d693b8f102c0	\N	0	\N	\N	0	\N
eaf3d5b8-3b57-465c-9ada-7f39dda69afc	1af9d12c-f0d4-4417-9c48-7c1e458d328a	1af9d12c-f0d4-4417-9c48-7c1e458d328a	closed	0	cash	0	2026-03-12 16:25:07.894786+00	2026-03-12 16:25:25.964+00	b1748121-b455-4ae3-a343-a2fd5f6a787d	\N	500	\N	\N	0	\N
9f9511f9-78db-4157-8be7-bd15f93315e7	\N	1af9d12c-f0d4-4417-9c48-7c1e458d328a	closed	259	cash	0	2026-03-12 16:25:34.748738+00	2026-03-12 16:25:42.214+00	b1748121-b455-4ae3-a343-a2fd5f6a787d	\N	0	\N	\N	0	\N
84df56ba-23a5-4f20-9c72-b22f18a6b7b5	4b4e3556-4c07-4963-a8c1-72c0e9f13ee3	1af9d12c-f0d4-4417-9c48-7c1e458d328a	closed	500	card	0	2026-03-12 16:25:56.467741+00	2026-03-12 16:25:58.997+00	b1748121-b455-4ae3-a343-a2fd5f6a787d	\N	0	\N	\N	0	\N
2a666a7b-e0fc-4fd9-a3fa-435211baf9ab	\N	1af9d12c-f0d4-4417-9c48-7c1e458d328a	closed	259	cash	0	2026-03-12 16:35:10.472607+00	2026-03-12 16:35:17.153+00	b1748121-b455-4ae3-a343-a2fd5f6a787d	\N	0	\N	\N	0	\N
1c332efa-ae9c-4d61-b64d-28b30b57f317	\N	1af9d12c-f0d4-4417-9c48-7c1e458d328a	closed	50	card	0	2026-03-12 16:35:59.419505+00	2026-03-12 16:36:04.509+00	b1748121-b455-4ae3-a343-a2fd5f6a787d	\N	0	\N	\N	0	\N
93cced3a-6442-426b-8f46-a330ceb990d9	1af9d12c-f0d4-4417-9c48-7c1e458d328a	1af9d12c-f0d4-4417-9c48-7c1e458d328a	closed	0	cash	0	2026-03-12 18:28:14.964682+00	2026-03-12 18:28:18.339+00	b1748121-b455-4ae3-a343-a2fd5f6a787d	\N	0	\N	\N	0	\N
2232810e-deb4-4bde-8e04-3b655513bf6d	1af9d12c-f0d4-4417-9c48-7c1e458d328a	1af9d12c-f0d4-4417-9c48-7c1e458d328a	closed	1700	cash	0	2026-03-12 18:28:14.069996+00	2026-03-12 18:29:15.909+00	b1748121-b455-4ae3-a343-a2fd5f6a787d	\N	500	\N	\N	0	\N
aa76df4e-d310-4041-9c84-0670dd9e8182	010571ee-1f42-4936-a4e4-aa6da74c0ab8	1af9d12c-f0d4-4417-9c48-7c1e458d328a	closed	1000	card	0	2026-03-12 17:40:19.233956+00	2026-03-12 22:41:13.043+00	b1748121-b455-4ae3-a343-a2fd5f6a787d	\N	0	\N	\N	0	\N
8b1ba95b-dc4f-47cc-8370-5367a3af17c2	d2484a5e-4964-48db-98be-454729996ea6	1af9d12c-f0d4-4417-9c48-7c1e458d328a	closed	780	debt	0	2026-03-12 20:11:33.130704+00	2026-03-12 22:58:45.574+00	b1748121-b455-4ae3-a343-a2fd5f6a787d	\N	0	\N	\N	0	\N
5b629e4e-12c9-4421-98eb-d165cfedaab4	8c1f97c3-50c5-41fb-a139-3e2ee4743b74	1af9d12c-f0d4-4417-9c48-7c1e458d328a	closed	750	debt	0	2026-03-12 20:14:39.272242+00	2026-03-12 22:58:50.972+00	b1748121-b455-4ae3-a343-a2fd5f6a787d	\N	0	\N	\N	0	\N
ab03efd1-0e6e-48c4-bc82-c3e0a47113e7	081fe3de-e50d-4204-b5ad-379c5f69ff8b	1af9d12c-f0d4-4417-9c48-7c1e458d328a	closed	300	debt	0	2026-03-12 20:14:57.746134+00	2026-03-12 22:59:03.827+00	b1748121-b455-4ae3-a343-a2fd5f6a787d	\N	200	\N	\N	0	\N
9478c733-9477-47d4-9928-c785c308a329	ac59f3cb-1af9-46ca-9cbb-88dc64796eb8	ac7986d1-fd2a-4b2a-883c-e2cc4e22de27	closed	730	cash	0	2026-03-13 17:42:13.738822+00	2026-03-13 20:45:56.63+00	17d94428-1771-4973-9606-fa203d7192f6	\N	0	\N	\N	0	\N
2a4be8b6-0064-4580-b8ae-bf9907d607a5	4be9a28e-b60b-4bb8-a383-13067f15d2b6	ac7986d1-fd2a-4b2a-883c-e2cc4e22de27	closed	500	cash	0	2026-03-13 17:44:07.552671+00	2026-03-13 21:36:45.131+00	17d94428-1771-4973-9606-fa203d7192f6	\N	0	\N	\N	0	\N
c5e96fb3-40c7-4aca-bdfa-1f44cf2f3844	\N	1af9d12c-f0d4-4417-9c48-7c1e458d328a	closed	845	cash	0	2026-03-13 19:12:12.908612+00	2026-03-13 21:40:54.998+00	17d94428-1771-4973-9606-fa203d7192f6	\N	0	91327ba7-b106-418b-9498-63d2031cb985	\N	0	\N
341edc17-01d7-4133-9ffd-bb1f35f96879	0bbe7fea-7d2c-480f-97d3-0a1b728db0f6	ac7986d1-fd2a-4b2a-883c-e2cc4e22de27	closed	740	cash	0	2026-03-13 17:43:51.785912+00	2026-03-13 20:45:36.443+00	17d94428-1771-4973-9606-fa203d7192f6	\N	0	\N	\N	0	\N
984e2ac1-ea8d-4b19-80ac-f9875ac999f2	2450cc0f-6740-4a78-a706-4c6a069e371b	ac7986d1-fd2a-4b2a-883c-e2cc4e22de27	closed	1620	cash	0	2026-03-13 17:38:59.584811+00	2026-03-13 21:43:32.229+00	17d94428-1771-4973-9606-fa203d7192f6	\N	0	\N	\N	0	\N
07458c69-7a00-40d7-b1fe-a49b6540f970	\N	ac7986d1-fd2a-4b2a-883c-e2cc4e22de27	closed	1700	cash	0	2026-03-13 19:18:07.811337+00	2026-03-13 21:44:02.71+00	17d94428-1771-4973-9606-fa203d7192f6	\N	0	\N	\N	0	\N
3cc7b51c-b0b1-4c09-90c1-952b3a51f67d	c3d56713-377d-4a63-b222-b3c4ad078414	ac7986d1-fd2a-4b2a-883c-e2cc4e22de27	closed	530	card	0	2026-03-13 18:39:04.474987+00	2026-03-13 21:44:26.248+00	17d94428-1771-4973-9606-fa203d7192f6	\N	0	\N	\N	0	\N
91802f87-04d0-485e-aff5-ecab5a6ba46f	be01bf28-921a-4e02-8eb9-7b1af57cf399	ac7986d1-fd2a-4b2a-883c-e2cc4e22de27	closed	680	card	0	2026-03-13 17:41:49.02703+00	2026-03-13 22:22:03.035+00	17d94428-1771-4973-9606-fa203d7192f6	\N	0	\N	\N	0	\N
004b0157-7132-4397-b199-ab263755c3a5	a06d7cb3-870d-4914-8625-dea07dc08ff3	ac7986d1-fd2a-4b2a-883c-e2cc4e22de27	closed	1800	card	0	2026-03-13 17:41:13.08463+00	2026-03-13 22:44:16.346+00	17d94428-1771-4973-9606-fa203d7192f6	\N	0	\N	\N	0	\N
e9ddc526-44f4-44f1-bbef-7bf7f564aa46	081fe3de-e50d-4204-b5ad-379c5f69ff8b	ac7986d1-fd2a-4b2a-883c-e2cc4e22de27	closed	300	debt	0	2026-03-13 17:40:41.318018+00	2026-03-13 22:44:38.635+00	17d94428-1771-4973-9606-fa203d7192f6	\N	200	\N	\N	0	\N
8132a380-b884-4833-a5cb-ea998ecb0b4d	8c1f97c3-50c5-41fb-a139-3e2ee4743b74	ac7986d1-fd2a-4b2a-883c-e2cc4e22de27	closed	150	deposit	0	2026-03-13 17:40:05.885482+00	2026-03-13 22:45:22.359+00	17d94428-1771-4973-9606-fa203d7192f6	\N	0	\N	\N	0	\N
519b1476-1c61-4793-8c52-870842718ba3	a0261b03-0a6c-43d8-b5ce-77b769d0b3e5	ac7986d1-fd2a-4b2a-883c-e2cc4e22de27	closed	800	debt	0	2026-03-13 18:39:19.079631+00	2026-03-13 22:46:00.519+00	17d94428-1771-4973-9606-fa203d7192f6	\N	0	\N	\N	0	\N
351368ad-7e27-40fe-8040-953f52c8d3b3	cc6bbba1-2553-4993-bd13-36db1b4ec999	ac7986d1-fd2a-4b2a-883c-e2cc4e22de27	closed	490	debt	0	2026-03-13 21:06:11.948091+00	2026-03-13 22:46:09.156+00	17d94428-1771-4973-9606-fa203d7192f6	\N	0	\N	\N	0	\N
dd9fe8e4-c091-46f4-8f9e-55beb70a0564	8c1f97c3-50c5-41fb-a139-3e2ee4743b74	ac7986d1-fd2a-4b2a-883c-e2cc4e22de27	closed	250	deposit	0	2026-03-13 23:02:17.332161+00	2026-03-13 23:29:18.32+00	17d94428-1771-4973-9606-fa203d7192f6	\N	0	\N	\N	0	\N
c082a7ea-f4ea-4a56-8a28-183bc608b4c8	081fe3de-e50d-4204-b5ad-379c5f69ff8b	ac7986d1-fd2a-4b2a-883c-e2cc4e22de27	closed	250	debt	0	2026-03-13 23:40:13.712344+00	2026-03-13 23:40:23.478+00	17d94428-1771-4973-9606-fa203d7192f6	\N	0	\N	\N	0	\N
2327ca2e-b962-44cb-b1b9-f8fa48aafa0c	8c1f97c3-50c5-41fb-a139-3e2ee4743b74	1af9d12c-f0d4-4417-9c48-7c1e458d328a	closed	300	deposit	0	2026-03-13 23:46:21.575964+00	2026-03-13 23:46:54.126+00	17d94428-1771-4973-9606-fa203d7192f6	\N	0	\N	\N	0	\N
6ab67766-e9dd-412a-9ed9-8f19eec6bace	7e2904a8-4ee6-4487-8b9e-ece3f0709148	1af9d12c-f0d4-4417-9c48-7c1e458d328a	closed	60	card	0	2026-03-14 17:03:45.246129+00	2026-03-14 20:29:56.245+00	47cea978-5ce7-4445-8ded-ae11f044f590	\N	0	\N	\N	0	\N
d23c3287-b006-45b9-b082-bfc1ced975de	6a6082d5-224d-4dcc-82bb-0dcaf75d39dc	1af9d12c-f0d4-4417-9c48-7c1e458d328a	closed	560	cash	0	2026-03-14 17:00:05.387458+00	2026-03-14 20:42:25.557+00	47cea978-5ce7-4445-8ded-ae11f044f590	\N	0	\N	\N	0	\N
f98aa8c4-1ebd-4428-8454-2099b5f4c3df	010571ee-1f42-4936-a4e4-aa6da74c0ab8	6a267077-8c76-4337-9144-b24dea885f62	closed	1000	card	0	2026-03-14 19:30:16.629928+00	2026-03-14 20:42:42.149+00	47cea978-5ce7-4445-8ded-ae11f044f590	\N	0	\N	\N	0	\N
02c294d8-b620-4565-acfe-3e9010586dcb	b92a0043-0d04-4d2f-b7ad-9bc5b4db24e1	1af9d12c-f0d4-4417-9c48-7c1e458d328a	closed	350	card	0	2026-03-14 16:46:18.309166+00	2026-03-14 20:42:49.929+00	47cea978-5ce7-4445-8ded-ae11f044f590	\N	0	\N	\N	0	\N
06628ecc-9530-4ba0-b41e-15c3ad6b7964	8c1f97c3-50c5-41fb-a139-3e2ee4743b74	1af9d12c-f0d4-4417-9c48-7c1e458d328a	closed	440	deposit	0	2026-03-14 17:03:55.203987+00	2026-03-14 20:10:06.603+00	47cea978-5ce7-4445-8ded-ae11f044f590	\N	0	\N	\N	0	\N
7becb69c-d79d-4c48-8653-8fae71655e43	\N	1af9d12c-f0d4-4417-9c48-7c1e458d328a	closed	690	cash	0	2026-03-14 17:08:27.433957+00	2026-03-14 23:02:15.317+00	47cea978-5ce7-4445-8ded-ae11f044f590	Новенький\n	0	\N	\N	0	\N
1ef19d56-a99b-4b6e-ac55-935a40cad78c	c81d5987-42e6-4655-acc3-c6f73af47d44	6a267077-8c76-4337-9144-b24dea885f62	closed	500	cash	0	2026-03-14 20:36:19.874409+00	2026-03-14 20:36:22.547+00	47cea978-5ce7-4445-8ded-ae11f044f590	\N	0	\N	\N	0	\N
634a04c5-02c3-4806-b042-fe9bcde044c8	\N	6a267077-8c76-4337-9144-b24dea885f62	closed	700	card	0	2026-03-14 23:04:01.772591+00	2026-03-14 23:04:23.883+00	47cea978-5ce7-4445-8ded-ae11f044f590	\N	0	\N	\N	0	\N
85767c48-d638-4c88-8c19-39fecd20e0c1	a0261b03-0a6c-43d8-b5ce-77b769d0b3e5	6a267077-8c76-4337-9144-b24dea885f62	closed	820	debt	0	2026-03-14 19:33:38.968233+00	2026-03-14 23:09:18.445+00	47cea978-5ce7-4445-8ded-ae11f044f590	\N	0	\N	\N	0	\N
2ff6d099-adea-43cb-bd70-b3ff04ff2cc0	a0261b03-0a6c-43d8-b5ce-77b769d0b3e5	1af9d12c-f0d4-4417-9c48-7c1e458d328a	closed	1120	debt	0	2026-03-16 17:38:47.410403+00	2026-03-16 21:02:52.164+00	8cb5ca0d-5929-4d4f-be0e-c997e2111ab2	\N	0	\N	\N	0	\N
683fefef-46d4-43b3-b92f-9fd500488fb4	\N	1af9d12c-f0d4-4417-9c48-7c1e458d328a	closed	4155	card	0	2026-03-16 17:09:49.879799+00	2026-03-16 22:36:10.664+00	8cb5ca0d-5929-4d4f-be0e-c997e2111ab2	\N	0	91327ba7-b106-418b-9498-63d2031cb985	\N	0	\N
d9eb0851-9d8e-4c8b-92b5-cd734ee9c0c1	\N	1af9d12c-f0d4-4417-9c48-7c1e458d328a	closed	300	cash	0	2026-03-17 16:26:11.488024+00	2026-03-17 16:30:19.284+00	d90a7ecc-c1a4-4446-980c-0c9b70517248	\N	0	\N	\N	0	\N
fbfde001-0849-4cf7-9785-d6bc6844f322	\N	1af9d12c-f0d4-4417-9c48-7c1e458d328a	open	0	\N	0	2026-03-17 17:48:23.758944+00	\N	579dd954-24cf-4128-a183-f8f71e851549	\N	0	91327ba7-b106-418b-9498-63d2031cb985	\N	0	\N
dc3c740c-09da-48ae-a97f-918c000ea37a	be01bf28-921a-4e02-8eb9-7b1af57cf399	1af9d12c-f0d4-4417-9c48-7c1e458d328a	open	0	\N	0	2026-03-17 17:48:56.765996+00	\N	579dd954-24cf-4128-a183-f8f71e851549	\N	0	\N	\N	0	\N
eda4262b-dd23-48a8-9219-bed42948492c	a0261b03-0a6c-43d8-b5ce-77b769d0b3e5	1af9d12c-f0d4-4417-9c48-7c1e458d328a	open	0	\N	0	2026-03-17 17:56:35.446601+00	\N	579dd954-24cf-4128-a183-f8f71e851549	\N	0	\N	\N	0	\N
96d80c2b-b7b4-4eb2-82bd-e6441c67cb82	c3d56713-377d-4a63-b222-b3c4ad078414	1af9d12c-f0d4-4417-9c48-7c1e458d328a	open	0	\N	0	2026-03-17 17:57:05.305528+00	\N	579dd954-24cf-4128-a183-f8f71e851549	\N	0	\N	\N	0	\N
072b27a5-aa0b-454f-bf07-e4d45221ef91	8c1f97c3-50c5-41fb-a139-3e2ee4743b74	1af9d12c-f0d4-4417-9c48-7c1e458d328a	open	0	\N	0	2026-03-17 18:08:36.807005+00	\N	579dd954-24cf-4128-a183-f8f71e851549	\N	0	\N	\N	0	\N
cc58d4b8-a2ca-4d9a-a91c-18a4d9f15159	feba97f3-375d-4d93-a2f4-f76a8734505d	1af9d12c-f0d4-4417-9c48-7c1e458d328a	open	0	\N	0	2026-03-17 18:08:45.225767+00	\N	579dd954-24cf-4128-a183-f8f71e851549	\N	0	\N	\N	0	\N
d9ebb19e-91c9-4661-b397-63b5578bf0c3	081fe3de-e50d-4204-b5ad-379c5f69ff8b	1af9d12c-f0d4-4417-9c48-7c1e458d328a	open	0	\N	0	2026-03-17 18:08:55.400487+00	\N	579dd954-24cf-4128-a183-f8f71e851549	\N	0	\N	\N	0	\N
9b2b18dc-d55d-4384-b502-179aabbcaa87	d2484a5e-4964-48db-98be-454729996ea6	1af9d12c-f0d4-4417-9c48-7c1e458d328a	open	0	\N	0	2026-03-17 18:09:07.366433+00	\N	579dd954-24cf-4128-a183-f8f71e851549	\N	0	\N	\N	0	\N
06d3d817-df32-4352-91de-ddec33cdf7b4	cc6bbba1-2553-4993-bd13-36db1b4ec999	1af9d12c-f0d4-4417-9c48-7c1e458d328a	open	0	\N	0	2026-03-17 19:50:49.134159+00	\N	579dd954-24cf-4128-a183-f8f71e851549	\N	0	\N	\N	0	\N
43901790-38be-4d93-93be-01f3592a17f5	b1504831-8537-46ec-8956-10d5ab2d372b	1af9d12c-f0d4-4417-9c48-7c1e458d328a	open	0	\N	0	2026-03-17 19:56:23.954378+00	\N	579dd954-24cf-4128-a183-f8f71e851549	\N	0	\N	\N	0	\N
\.


--
-- Data for Name: bookings; Type: TABLE DATA; Schema: public; Owner: postgres
--

COPY "public"."bookings" ("id", "space_id", "client_id", "check_id", "start_time", "end_time", "rental_amount", "note", "status", "created_by", "created_at") FROM stdin;
\.


--
-- Data for Name: cash_operations; Type: TABLE DATA; Schema: public; Owner: postgres
--

COPY "public"."cash_operations" ("id", "shift_id", "type", "amount", "note", "created_by", "created_at") FROM stdin;
7be9a10d-0dee-4ece-918c-d9ab125d2075	8a59de9c-3d19-410b-8111-d693b8f102c0	inkassation	2000	Тигр	6a267077-8c76-4337-9144-b24dea885f62	2026-03-11 22:33:42.121776+00
\.


--
-- Data for Name: inventory; Type: TABLE DATA; Schema: public; Owner: postgres
--

COPY "public"."inventory" ("id", "name", "category", "price", "stock_quantity", "min_threshold", "is_active", "created_at", "updated_at", "image_url", "sort_order", "search_tags", "is_top", "track_stock", "is_service") FROM stdin;
468bea2d-a8ec-4060-808b-d7621985f546	Панини	food	250	3	1	t	2026-03-12 18:41:46.235718+00	2026-03-13 23:40:27.070198+00	\N	60	{панини}	f	t	f
f69ee982-040a-4af8-95ac-56fab30d4a55	Вода Бабугент газ	drinks	100	13	5	t	2026-03-03 22:35:50.139968+00	2026-03-11 16:30:05.950758+00	\N	110	{}	f	t	f
7bea502e-7263-4e60-a0fc-f0e199099147	Кола Стекло	drinks	150	0	3	t	2026-03-03 22:35:50.139968+00	2026-03-11 16:14:55.654557+00	\N	210	{}	f	t	f
a3ba97e4-648e-4fb1-8d2b-a3fe477bea7b	Палпи	drinks	120	0	3	t	2026-03-03 22:35:50.139968+00	2026-03-11 16:14:55.654557+00	\N	270	{}	f	t	f
74259468-c5ca-46cd-a5ba-46ac93f110bd	Пепси	drinks	150	0	3	t	2026-03-03 22:35:50.139968+00	2026-03-11 16:14:55.654557+00	\N	280	{}	f	t	f
e9151c21-2280-4fb8-a587-3d1bc97cc3dd	Фанта	drinks	150	0	3	t	2026-03-03 22:35:50.139968+00	2026-03-11 16:14:55.654557+00	\N	290	{}	f	t	f
5fd1b5eb-dbe3-4471-b976-d4a7da5dbde0	Чай холодный	drinks	100	0	3	t	2026-03-03 22:35:50.139968+00	2026-03-11 16:14:55.654557+00	\N	330	{}	f	t	f
b80436e3-4ae6-401e-8d73-fd8d409d56f4	Ореховый микс	bar	250	0	3	t	2026-03-03 22:35:50.139968+00	2026-03-11 16:14:55.654557+00	\N	40	{}	f	t	f
b672fa92-874a-44f9-b767-b2fb2e6fa8fd	Айс-Латте	чайкофе	270	0	0	t	2026-03-03 22:35:50.139968+00	2026-03-15 12:07:02.755323+00	\N	40	{}	f	f	f
3aa5720a-191c-40d7-af92-bec83937f875	Наггетсы	food	250	0	1	t	2026-03-12 20:41:27.222371+00	2026-03-12 20:41:27.222371+00	\N	70	{наггетсы}	f	t	f
d6900d43-b199-463f-b7e0-a8dbcb36f514	Стрипсы	food	250	0	1	t	2026-03-10 18:47:37.413972+00	2026-03-11 16:14:55.654557+00	\N	40	{}	f	t	f
864ed685-6310-47bb-b9d1-b0fe75a44a46	Эспрессо	чайкофе	120	0	0	t	2026-03-03 22:35:50.139968+00	2026-03-15 12:07:54.972746+00	\N	350	{}	f	f	f
5c07e605-7cd8-4d91-b074-36dc2dcba0ef	Арахис	bar	200	2	3	t	2026-03-03 22:35:50.139968+00	2026-03-11 16:30:02.761169+00	\N	10	{}	f	t	f
2d78a817-54fb-41b0-8b9a-3c3ec226edfd	Американо	чайкофе	160	-5	0	t	2026-03-03 22:35:50.139968+00	2026-03-15 12:07:09.623442+00	\N	60	{}	f	f	f
18b43bf7-5b9c-41d7-a279-0731f65346ca	Кальян Soft	hookah	700	1	0	t	2026-03-03 22:35:50.139968+00	2026-03-12 18:29:41.499114+00	\N	20	{}	f	t	f
1cc55ebd-92dc-41c5-ace9-87bb4b6b800e	Эспрессо-Тоник	чайкофе	240	0	0	t	2026-03-03 22:35:50.139968+00	2026-03-15 12:08:00.922159+00	\N	360	{}	f	f	f
d914a260-a7c0-469f-88d7-e70a7a960fe4	Бургер	food	250	0	1	t	2026-03-10 18:46:41.404844+00	2026-03-14 23:28:43.336943+00	\N	10	{}	f	t	f
bbcf8a28-a5f9-429c-85f7-598eebe25195	Бамбл	чайкофе	270	0	0	t	2026-03-03 22:35:50.139968+00	2026-03-15 12:07:16.725169+00	\N	80	{}	f	f	f
487a08bf-d85b-4a12-bca5-a7231ce3351b	Сэндвич	food	250	0	1	t	2026-03-10 18:47:02.288209+00	2026-03-14 20:42:51.196203+00	\N	20	{}	t	t	f
654ad578-48a7-487a-93dd-c05e37c78dad	Кальян без табака	hookah	500	0	0	t	2026-03-03 22:35:50.139968+00	2026-03-11 16:14:55.654557+00	\N	30	{}	f	t	f
6970810d-96b9-427c-bd9c-f0eeab157c05	Горилла	энергетики	150	0	3	t	2026-03-03 22:35:50.139968+00	2026-03-11 16:14:55.654557+00	\N	140	{}	f	t	f
d012d4aa-2bea-4c95-ab14-463d5065385b	Хугарден	алкоголь	200	0	3	t	2026-03-03 22:35:50.139968+00	2026-03-11 16:14:55.654557+00	\N	310	{}	f	t	f
df11c44b-9b82-47a4-ab80-62323a047e59	Шоты	алкоголь	150	0	0	t	2026-03-03 22:35:50.139968+00	2026-03-11 16:14:55.654557+00	\N	340	{}	f	t	f
d5d7158c-5eab-4dc6-bde1-fcf83629316a	Коктейли	алкоголь	350	0	0	t	2026-03-03 22:35:50.139968+00	2026-03-11 16:14:55.654557+00	\N	200	{}	f	t	f
6680e19e-f43d-40a5-93bb-b33ee425774d	Шаурма	food	250	2	1	t	2026-03-10 18:47:18.434356+00	2026-03-12 22:59:02.960247+00	\N	30	{}	f	t	f
f73b6f14-363f-4b77-a28f-5ec3019fa2d5	Семечки	bar	180	7	3	t	2026-03-03 22:35:50.139968+00	2026-03-13 20:45:59.052235+00	\N	50	{}	f	t	f
08405fe4-cf30-486e-bd2c-60d095207745	Ловенбрау Темное	алкоголь	200	16	3	t	2026-03-03 22:35:50.139968+00	2026-03-14 23:09:20.162346+00	\N	260	{}	f	t	f
14744fd0-511e-423d-9817-d0ea8c8fd135	Вода Родниковая	drinks	30	33	5	t	2026-03-03 22:35:50.139968+00	2026-03-16 14:34:08.511483+00	\N	120	{}	t	t	f
f3af3935-3e40-4fe1-a5f9-473a5d9602a6	Чипсы	bar	150	11	5	t	2026-03-03 22:35:50.139968+00	2026-03-14 23:05:17.469817+00	\N	70	{}	f	t	f
1571631c-cd41-44c7-9d66-517b5bc81d73	Добрый ЖБ	drinks	120	35	5	t	2026-03-03 22:35:50.139968+00	2026-03-16 21:02:54.929365+00	\N	150	{}	f	t	f
76fc6cef-2400-4e9c-a97c-6aa3a247f253	Ловенбрау 0%	алкоголь	150	8	3	t	2026-03-03 22:35:50.139968+00	2026-03-11 16:30:07.479245+00	\N	240	{}	f	t	f
e22b47a1-cbfa-46cb-beaa-fad519c01993	Ловенбрау светлое	алкоголь	150	20	3	t	2026-03-03 22:35:50.139968+00	2026-03-11 16:30:07.787552+00	\N	250	{}	f	t	f
ac2a09fc-81e8-4dd0-b2ed-e6c9a7552e0a	Воронка V60	чайкофе	260	-1	0	t	2026-03-03 22:35:50.139968+00	2026-03-15 12:07:24.551876+00	\N	130	{}	f	f	f
e1d91017-d20c-4685-8a9a-799aa8c54e8d	Берн	энергетики	200	3	3	t	2026-03-03 22:35:50.139968+00	2026-03-11 16:30:09.082559+00	\N	90	{}	f	t	f
36afa5e1-e698-4bae-9489-c0467be0dfb2	Вода Бабугент	drinks	100	4	5	t	2026-03-03 22:35:50.139968+00	2026-03-11 22:19:56.030463+00	\N	100	{}	f	t	f
d29eea1f-fc87-45e3-bb59-4bc78f5c298a	Бад	алкоголь	200	-3	3	t	2026-03-03 22:35:50.139968+00	2026-03-16 22:36:11.3055+00	\N	70	{}	f	t	f
84ba23a6-a546-4e12-85dd-ac6c1f5eabbb	Адреналин	энергетики	220	6	3	t	2026-03-03 22:35:50.139968+00	2026-03-15 12:16:19.724175+00	\N	20	{}	f	t	f
4f1b71d7-f77f-4a06-8be2-c8a11d3dff7f	Шоколадки	bar	150	19	5	t	2026-03-03 22:35:50.139968+00	2026-03-14 23:03:09.517733+00	\N	80	{}	f	t	f
4630a2f9-8325-4b51-8363-c67a30763508	Кофе	чайкофе	50	-1	0	t	2026-03-03 22:35:50.139968+00	2026-03-15 12:07:32.713885+00	\N	220	{}	f	f	f
dd679830-7166-4e41-8ee6-71b150710969	Капучино	drinks	190	-3	0	t	2026-03-03 22:35:50.139968+00	2026-03-14 23:03:46.580707+00	\N	190	{}	f	t	f
eb00d190-b41a-4052-b77d-e3d37879c2df	Сухарики	bar	80	5	3	t	2026-03-03 22:35:50.139968+00	2026-03-16 22:36:11.442654+00	\N	60	{}	f	t	f
fd009824-3434-4fbd-ac75-aeeb5409f947	Латте	чайкофе	220	0	0	t	2026-03-03 22:35:50.139968+00	2026-03-15 12:07:39.670653+00	\N	230	{}	f	f	f
160592c2-ee13-4326-8435-5f38eb5208b1	Булочка по-турецки	food	250	1	1	t	2026-03-10 18:47:56.307354+00	2026-03-12 22:58:57.143875+00	\N	50	{}	f	t	f
c3da9680-3244-4074-9c64-f0e79108d152	Чай	чайкофе	50	-10	0	t	2026-03-03 22:35:50.139968+00	2026-03-15 12:07:49.005325+00	\N	320	{}	f	f	f
ac207c8d-6271-45a6-9c87-82ae893680f8	Жигули	алкоголь	150	14	3	t	2026-03-03 22:35:50.139968+00	2026-03-14 23:05:49.577629+00	\N	170	{}	f	t	f
190701fd-f097-424b-82c3-9750c78a2cc9	Адреналин Мини	энергетики	120	6	3	t	2026-03-03 22:35:50.139968+00	2026-03-15 12:16:19.725426+00	\N	30	{}	f	t	f
42a62eff-847a-4df9-8202-719d8de4f8d6	Игровой вечер Резидент	тарифы	500	-26	0	t	2026-03-03 22:35:50.139968+00	2026-03-15 12:04:44.118743+00	\N	40	{}	f	f	t
93e1a2e8-4b2f-4ef6-9ae3-67fd99cf7572	Игровой вечер Студент	тарифы	300	0	0	t	2026-03-03 22:35:50.139968+00	2026-03-15 12:04:44.118743+00	\N	50	{}	f	f	t
644d1783-8d6a-46bc-bfa4-5be5dd5bf2d9	Кабинка	тарифы	250	0	0	t	2026-03-03 22:35:50.139968+00	2026-03-15 12:04:44.118743+00	\N	60	{}	f	f	t
6a1ff36c-53f6-45d5-bcf3-fe2a997dfb8d	ШТРАФ	тарифы	100	0	0	t	2026-03-03 22:35:50.139968+00	2026-03-15 12:04:44.118743+00	\N	70	{}	f	f	t
60375e7b-dac0-40c4-97bc-5a844ff82e5f	Игровой вечер Гость	тарифы	700	-6	0	t	2026-03-03 22:35:50.139968+00	2026-03-15 12:04:44.118743+00	\N	10	{}	f	f	t
7c3efdaf-0923-43cf-bd5e-f30aa27277f1	Игровой вечер Одна игра	тарифы	150	-2	0	t	2026-03-03 22:35:50.139968+00	2026-03-15 12:04:44.118743+00	\N	30	{}	f	f	t
08a1fecc-0a2e-4cda-8a23-7e828b09f05e	Kinza	drinks	120	25	5	t	2026-03-03 22:35:50.139968+00	2026-03-17 16:30:21.196657+00	\N	10	{}	t	t	f
536d72b9-8bc8-4234-bfe7-051789fb9973	Батончики	bar	50	14	5	t	2026-03-03 22:35:50.139968+00	2026-03-13 20:45:39.403713+00	\N	20	{}	f	t	f
3684a44a-6233-4e86-813b-cc405460e5ec	Флэш	энергетики	120	7	3	t	2026-03-03 22:35:50.139968+00	2026-03-13 22:46:11.474298+00	\N	300	{}	f	t	f
e9606808-df1a-4a84-bd58-e66261397322	Кальян Hard	hookah	1000	-7	0	t	2026-03-03 22:35:50.139968+00	2026-03-16 21:02:54.588942+00	\N	10	{}	t	t	f
dfa68df9-8a61-4119-95bd-c08cc35c4192	Акапелла	drinks	180	11	3	t	2026-03-03 22:35:50.139968+00	2026-03-17 16:30:22.198439+00	\N	50	{}	f	t	f
\.


--
-- Data for Name: check_items; Type: TABLE DATA; Schema: public; Owner: postgres
--

COPY "public"."check_items" ("id", "check_id", "item_id", "quantity", "price_at_time") FROM stdin;
c5d4d8d9-b445-44f3-b159-58e67cdaf783	984e2ac1-ea8d-4b19-80ac-f9875ac999f2	42a62eff-847a-4df9-8202-719d8de4f8d6	2	500
c7f2e5fb-fa27-45a2-b070-818a1f8a53c1	984e2ac1-ea8d-4b19-80ac-f9875ac999f2	84ba23a6-a546-4e12-85dd-ac6c1f5eabbb	1	220
99e19b30-d3ef-40cd-873f-1c0854dbb744	984e2ac1-ea8d-4b19-80ac-f9875ac999f2	3684a44a-6233-4e86-813b-cc405460e5ec	1	120
93d453ac-20da-4076-8d6d-2febcaa83d42	1914a942-7a26-4dbc-b542-60f493f80619	42a62eff-847a-4df9-8202-719d8de4f8d6	1	500
d5d5e2d6-a534-4091-ac38-97fdd6bdaf09	9d27e1b1-1a86-4230-b1aa-452404dc28dc	42a62eff-847a-4df9-8202-719d8de4f8d6	1	500
60f35adc-a8c8-4475-ba4f-ad53d33a5356	9d27e1b1-1a86-4230-b1aa-452404dc28dc	e9606808-df1a-4a84-bd58-e66261397322	1	1000
763752db-f279-4334-93a3-e07132838875	9d27e1b1-1a86-4230-b1aa-452404dc28dc	1571631c-cd41-44c7-9d66-517b5bc81d73	1	120
b136f952-ade0-4b5f-90da-e0f1028f2897	7aec90d8-c6b9-4c3e-b8bb-a6a1a54e7a6e	42a62eff-847a-4df9-8202-719d8de4f8d6	1	500
2581710c-1c34-4500-9e43-296d0257a5b3	f02f74ae-cacc-4f81-9d72-666f8b8822c6	42a62eff-847a-4df9-8202-719d8de4f8d6	1	500
7ae49330-32ce-4f9e-8b01-3e8294dc27b5	b5f43ae8-d043-426b-b2b9-01c833bd9fce	42a62eff-847a-4df9-8202-719d8de4f8d6	1	500
75a4fb07-fb19-4a52-ba49-aa4ee8e3662f	2e22c013-e50d-475a-8aec-5dde5ba6f5b1	42a62eff-847a-4df9-8202-719d8de4f8d6	1	500
eee631ad-4247-437f-a6e1-7d23021ea760	48a025ea-26eb-4083-8be0-6871cc843302	4f1b71d7-f77f-4a06-8be2-c8a11d3dff7f	1	150
97d4361d-a424-4fa5-a12e-8c451c6eedbf	6bcebcd9-8f3b-410e-93c7-a7465b724312	42a62eff-847a-4df9-8202-719d8de4f8d6	1	500
89f8f06d-c01a-40a1-874f-fd93245314ff	6bcebcd9-8f3b-410e-93c7-a7465b724312	36afa5e1-e698-4bae-9489-c0467be0dfb2	1	100
4737fa99-3bfd-4a0a-8310-379e9ed48b8a	7ab09359-37f8-4f04-8339-6b36fd3af5b1	42a62eff-847a-4df9-8202-719d8de4f8d6	1	500
b66407f1-9152-43a1-a67d-3f7dedbf424a	7ab09359-37f8-4f04-8339-6b36fd3af5b1	2d78a817-54fb-41b0-8b9a-3c3ec226edfd	1	160
7e5e53dc-1d72-48aa-a7b4-acba9719e410	7ab09359-37f8-4f04-8339-6b36fd3af5b1	14744fd0-511e-423d-9817-d0ea8c8fd135	1	30
866f17d6-3a58-443d-b8f1-716e6fc354c9	231cfee2-0aba-4f15-b122-0a7aa1f040e8	42a62eff-847a-4df9-8202-719d8de4f8d6	1	500
ec22f18a-1f61-45e1-a1a8-3eb5f8bfd63f	231cfee2-0aba-4f15-b122-0a7aa1f040e8	36afa5e1-e698-4bae-9489-c0467be0dfb2	1	100
6e6bbda5-4e37-4ade-b225-9aac2781596d	b5f43ae8-d043-426b-b2b9-01c833bd9fce	84ba23a6-a546-4e12-85dd-ac6c1f5eabbb	1	220
812fae0b-a41f-4217-b105-53ba21bd1079	231cfee2-0aba-4f15-b122-0a7aa1f040e8	e9606808-df1a-4a84-bd58-e66261397322	1	1000
895ce983-9ace-472e-8ce6-d0c76828358e	29f8253a-df9a-4aad-bcf4-7f24b3e457e4	42a62eff-847a-4df9-8202-719d8de4f8d6	1	500
9b81ae49-0b8a-413c-8868-3f5473fc7eb7	48a025ea-26eb-4083-8be0-6871cc843302	7c3efdaf-0923-43cf-bd5e-f30aa27277f1	1	150
ca92ae17-e4d1-44eb-9010-2254ff50ea5d	f02f74ae-cacc-4f81-9d72-666f8b8822c6	f73b6f14-363f-4b77-a28f-5ec3019fa2d5	1	180
9ac7024f-0de7-48fd-bc9c-eb5ddde6cf63	48a025ea-26eb-4083-8be0-6871cc843302	14744fd0-511e-423d-9817-d0ea8c8fd135	1	30
4de1c8fe-7fb1-4082-9f61-b02f73a43c1e	48a025ea-26eb-4083-8be0-6871cc843302	2d78a817-54fb-41b0-8b9a-3c3ec226edfd	1	160
3de69bec-594f-46f2-b547-e8f6c5315268	c0d7a087-b145-472a-9e8d-853432c6a949	d29eea1f-fc87-45e3-bb59-4bc78f5c298a	1	200
9e310ce4-0a6b-4c70-b226-daaa330767a3	c0d7a087-b145-472a-9e8d-853432c6a949	f73b6f14-363f-4b77-a28f-5ec3019fa2d5	1	180
e8ba01c1-2695-44b0-aeb7-2a0a7661f205	29f8253a-df9a-4aad-bcf4-7f24b3e457e4	f73b6f14-363f-4b77-a28f-5ec3019fa2d5	2	180
af43de77-9a6f-401a-9af0-1b9ee83ea009	29f8253a-df9a-4aad-bcf4-7f24b3e457e4	e9606808-df1a-4a84-bd58-e66261397322	1	1000
5ed5cd34-de23-4a43-826c-ce673fb01866	29f8253a-df9a-4aad-bcf4-7f24b3e457e4	190701fd-f097-424b-82c3-9750c78a2cc9	1	120
45414627-d841-4260-9cd6-1b5e5595ee3f	29f8253a-df9a-4aad-bcf4-7f24b3e457e4	1571631c-cd41-44c7-9d66-517b5bc81d73	2	120
048843b6-659c-4ed8-8620-fd609e6a2852	9d27e1b1-1a86-4230-b1aa-452404dc28dc	4630a2f9-8325-4b51-8363-c67a30763508	1	50
24ff5c03-2ae8-4b2e-8097-b721e45c7e29	7ab09359-37f8-4f04-8339-6b36fd3af5b1	c3da9680-3244-4074-9c64-f0e79108d152	1	50
ea01f3f0-e413-4d11-97e1-6bb105b2b9d7	c0d7a087-b145-472a-9e8d-853432c6a949	c3da9680-3244-4074-9c64-f0e79108d152	1	50
5a4e4ae5-8815-464f-9564-0f8ffb060529	6bcebcd9-8f3b-410e-93c7-a7465b724312	1571631c-cd41-44c7-9d66-517b5bc81d73	1	120
9f0476c0-729c-40b1-b535-ac94643c8ab8	6bcebcd9-8f3b-410e-93c7-a7465b724312	536d72b9-8bc8-4234-bfe7-051789fb9973	2	50
b24f8c8d-4620-4977-91fb-e61cc8fe40f5	fd6f3460-ec6f-4159-9f1a-922d7508223b	190701fd-f097-424b-82c3-9750c78a2cc9	1	120
b310afb3-568f-498b-8a86-1f9110d7178a	f02f74ae-cacc-4f81-9d72-666f8b8822c6	190701fd-f097-424b-82c3-9750c78a2cc9	1	120
c15a2969-1970-426c-bdd4-353fee6d9baf	c0d7a087-b145-472a-9e8d-853432c6a949	7c3efdaf-0923-43cf-bd5e-f30aa27277f1	1	150
febdf68a-8d61-404f-91dc-d60900494aef	e9ddc526-44f4-44f1-bbef-7bf7f564aa46	42a62eff-847a-4df9-8202-719d8de4f8d6	1	500
43e89099-fb1d-402c-aeef-c3212c7314dd	eaf3d5b8-3b57-465c-9ada-7f39dda69afc	42a62eff-847a-4df9-8202-719d8de4f8d6	1	500
87a2c828-b52b-40e1-aa21-dc2415243510	9f9511f9-78db-4157-8be7-bd15f93315e7	d914a260-a7c0-469f-88d7-e70a7a960fe4	1	259
1d58e142-d5a1-4c8d-bd39-efc990ab8987	84df56ba-23a5-4f20-9c72-b22f18a6b7b5	42a62eff-847a-4df9-8202-719d8de4f8d6	1	500
1d71a069-b4d8-433e-9cca-231fcb091eec	2a666a7b-e0fc-4fd9-a3fa-435211baf9ab	d914a260-a7c0-469f-88d7-e70a7a960fe4	1	259
bfe91731-6b33-4aa1-8a1a-503871baf4ef	1c332efa-ae9c-4d61-b64d-28b30b57f317	536d72b9-8bc8-4234-bfe7-051789fb9973	1	50
f8817181-9aab-410b-953c-dd950078ce6f	aa76df4e-d310-4041-9c84-0670dd9e8182	e9606808-df1a-4a84-bd58-e66261397322	1	1000
78061c2b-e5ad-4cc7-a8d1-049a134062de	2232810e-deb4-4bde-8e04-3b655513bf6d	42a62eff-847a-4df9-8202-719d8de4f8d6	1	500
88b0107f-d09d-4191-a3f7-283faa6f1ddd	2232810e-deb4-4bde-8e04-3b655513bf6d	18b43bf7-5b9c-41d7-a279-0731f65346ca	1	700
aedacccb-1b2d-4bde-a26f-86c25883fdd7	2232810e-deb4-4bde-8e04-3b655513bf6d	e9606808-df1a-4a84-bd58-e66261397322	1	1000
dfa62f94-710a-4b38-b495-322c6ca594ab	4fffc396-239d-4c8b-b996-e7159dddd377	3684a44a-6233-4e86-813b-cc405460e5ec	1	120
6a12708c-bb9b-4d42-a564-af26e9d4f0c5	4fffc396-239d-4c8b-b996-e7159dddd377	160592c2-ee13-4326-8435-5f38eb5208b1	1	250
c7205d71-69a8-4484-a070-b3c80e87a42a	8b1ba95b-dc4f-47cc-8370-5367a3af17c2	42a62eff-847a-4df9-8202-719d8de4f8d6	1	500
22641a4c-33bd-427a-9ffe-714cf2d007df	8b1ba95b-dc4f-47cc-8370-5367a3af17c2	160592c2-ee13-4326-8435-5f38eb5208b1	1	250
ffaceb7d-cd2f-4f4c-b3d7-58c9c1e8d66c	5b629e4e-12c9-4421-98eb-d165cfedaab4	42a62eff-847a-4df9-8202-719d8de4f8d6	1	500
25d1f34b-e863-49d1-a0a4-faa8bf4bafe0	5b629e4e-12c9-4421-98eb-d165cfedaab4	6680e19e-f43d-40a5-93bb-b33ee425774d	1	250
06c1c035-82d4-478f-a7cc-81c3455a4272	ab03efd1-0e6e-48c4-bc82-c3e0a47113e7	42a62eff-847a-4df9-8202-719d8de4f8d6	1	500
50cdcb22-822b-4991-8b17-4ceb282b518d	b4cfc36f-b8e3-491d-8b03-cf7d76124057	42a62eff-847a-4df9-8202-719d8de4f8d6	1	500
702b99ae-0fa4-4341-b8ec-a3996b801116	b4cfc36f-b8e3-491d-8b03-cf7d76124057	1571631c-cd41-44c7-9d66-517b5bc81d73	1	120
6a2aa9d8-3b6d-4e9e-a482-a028d1cc340c	8b1ba95b-dc4f-47cc-8370-5367a3af17c2	14744fd0-511e-423d-9817-d0ea8c8fd135	1	30
27126eeb-3324-4e83-a796-229873c88855	004b0157-7132-4397-b199-ab263755c3a5	42a62eff-847a-4df9-8202-719d8de4f8d6	1	500
40329c41-ebfa-4d1f-934f-22857fadf756	9478c733-9477-47d4-9928-c785c308a329	42a62eff-847a-4df9-8202-719d8de4f8d6	1	500
e4214ce4-7183-4b06-8459-c50d3057236b	341edc17-01d7-4133-9ffd-bb1f35f96879	42a62eff-847a-4df9-8202-719d8de4f8d6	1	500
63276637-a806-4aa0-9dcc-3548632cd4d1	2a4be8b6-0064-4580-b8ae-bf9907d607a5	42a62eff-847a-4df9-8202-719d8de4f8d6	1	500
5eb8ff56-3bcb-42ea-896d-a0ca4b81bf9f	984e2ac1-ea8d-4b19-80ac-f9875ac999f2	dfa68df9-8a61-4119-95bd-c08cc35c4192	1	180
3c4f0526-0029-4ce9-bc2f-513f28b17b11	9478c733-9477-47d4-9928-c785c308a329	f73b6f14-363f-4b77-a28f-5ec3019fa2d5	1	180
c958cace-c99d-41ff-be0c-d2610fb035cb	519b1476-1c61-4793-8c52-870842718ba3	42a62eff-847a-4df9-8202-719d8de4f8d6	1	500
df2454ac-71a7-491b-815f-03a3a0611bba	004b0157-7132-4397-b199-ab263755c3a5	ac207c8d-6271-45a6-9c87-82ae893680f8	2	150
c2bdc9f6-9980-4f4d-b946-38e2ff0af7e1	9478c733-9477-47d4-9928-c785c308a329	c3da9680-3244-4074-9c64-f0e79108d152	1	50
ba9d9fa5-59d8-463d-98e0-370011777bf6	341edc17-01d7-4133-9ffd-bb1f35f96879	536d72b9-8bc8-4234-bfe7-051789fb9973	1	50
e0160653-496d-459c-a6be-9b82fd368e21	341edc17-01d7-4133-9ffd-bb1f35f96879	dd679830-7166-4e41-8ee6-71b150710969	1	190
d2bf11da-f0ec-4382-9b6c-f6b366881fd8	07458c69-7a00-40d7-b1fe-a49b6540f970	42a62eff-847a-4df9-8202-719d8de4f8d6	1	500
f6dd80a0-91da-4d56-8db6-be14f4fe4516	07458c69-7a00-40d7-b1fe-a49b6540f970	d29eea1f-fc87-45e3-bb59-4bc78f5c298a	1	200
954ec190-5c8f-4567-aae1-8bcb9add1736	c5e96fb3-40c7-4aca-bdfa-1f44cf2f3844	14744fd0-511e-423d-9817-d0ea8c8fd135	2	30
7d96a0f5-1602-456f-8880-bcfcb8b37fd6	c5e96fb3-40c7-4aca-bdfa-1f44cf2f3844	2d78a817-54fb-41b0-8b9a-3c3ec226edfd	1	160
c61bfd3b-ea6f-430e-ab2c-7b3e5db69a13	07458c69-7a00-40d7-b1fe-a49b6540f970	e9606808-df1a-4a84-bd58-e66261397322	1	1000
d74371fa-6bc2-4ac3-a70e-d697181433ad	004b0157-7132-4397-b199-ab263755c3a5	e9606808-df1a-4a84-bd58-e66261397322	1	1000
91726c2e-fe87-45c1-a2bb-86262ff06d65	3cc7b51c-b0b1-4c09-90c1-952b3a51f67d	14744fd0-511e-423d-9817-d0ea8c8fd135	1	30
5b64c3ec-8f04-4eb7-9d33-92b759f79625	91802f87-04d0-485e-aff5-ecab5a6ba46f	f3af3935-3e40-4fe1-a5f9-473a5d9602a6	1	150
27e76860-356c-4b71-8d3b-b26dd116143f	91802f87-04d0-485e-aff5-ecab5a6ba46f	14744fd0-511e-423d-9817-d0ea8c8fd135	1	30
dd82af13-97de-4240-8278-af5f2658bdd8	519b1476-1c61-4793-8c52-870842718ba3	4630a2f9-8325-4b51-8363-c67a30763508	1	50
f6fd85ce-02ac-44a5-97b4-159f6ac17d3a	984e2ac1-ea8d-4b19-80ac-f9875ac999f2	c3da9680-3244-4074-9c64-f0e79108d152	2	50
fddd5483-7512-4dbc-930b-32447ca15dd3	519b1476-1c61-4793-8c52-870842718ba3	d914a260-a7c0-469f-88d7-e70a7a960fe4	1	250
c136e37b-8d7d-449d-acdb-a86321dd33f7	8132a380-b884-4833-a5cb-ea998ecb0b4d	c3da9680-3244-4074-9c64-f0e79108d152	3	50
bd46b00e-d047-4f42-9a5a-ae886c18ecce	351368ad-7e27-40fe-8040-953f52c8d3b3	d914a260-a7c0-469f-88d7-e70a7a960fe4	1	250
2dbd69b6-845a-4673-9b48-40a0bd1bf63e	351368ad-7e27-40fe-8040-953f52c8d3b3	3684a44a-6233-4e86-813b-cc405460e5ec	2	120
d7e1804f-05df-4c5e-95dc-ec5c10750c11	3cc7b51c-b0b1-4c09-90c1-952b3a51f67d	42a62eff-847a-4df9-8202-719d8de4f8d6	1	500
52e2fd2a-d0ad-40cf-8469-df41d086d324	91802f87-04d0-485e-aff5-ecab5a6ba46f	42a62eff-847a-4df9-8202-719d8de4f8d6	1	500
699e3a7d-b413-4dfb-9fd5-c654c36a4df9	dd9fe8e4-c091-46f4-8f9e-55beb70a0564	487a08bf-d85b-4a12-bca5-a7231ce3351b	1	250
4dc4f377-4491-4b64-bdab-e7ef46c872e5	c082a7ea-f4ea-4a56-8a28-183bc608b4c8	468bea2d-a8ec-4060-808b-d7621985f546	1	250
e3e27eb4-f20f-4e32-b8d8-33fc5f655f1a	2327ca2e-b962-44cb-b1b9-f8fa48aafa0c	7c3efdaf-0923-43cf-bd5e-f30aa27277f1	2	150
3d25f719-3f09-49cc-96b7-78744379fb8f	62a6e48f-cccc-43de-9959-ff600142c384	60375e7b-dac0-40c4-97bc-5a844ff82e5f	1	700
a546f60c-2f00-4c24-b1c6-1ed58293fea8	62a6e48f-cccc-43de-9959-ff600142c384	2d78a817-54fb-41b0-8b9a-3c3ec226edfd	2	160
71cc9a0e-5d41-4e20-a72a-ae67cf26c2cf	f5e107aa-2b01-4918-b1d1-4247d59f2bdc	dd679830-7166-4e41-8ee6-71b150710969	1	190
d532e59e-d812-433a-9527-9afce6e984ad	f5e107aa-2b01-4918-b1d1-4247d59f2bdc	14744fd0-511e-423d-9817-d0ea8c8fd135	1	30
91d0c00f-ba69-447a-afa5-851b00f2d3c8	02c294d8-b620-4565-acfe-3e9010586dcb	487a08bf-d85b-4a12-bca5-a7231ce3351b	1	250
9841116a-ed53-4129-bef1-f37a2456a709	02c294d8-b620-4565-acfe-3e9010586dcb	c3da9680-3244-4074-9c64-f0e79108d152	2	50
3e0799d5-ac76-497d-add2-892ef963a63a	4fcc58b9-456d-4a4b-a4ec-7646253375e6	60375e7b-dac0-40c4-97bc-5a844ff82e5f	1	700
3173c3e1-a746-4818-a8a7-9e692d496e9f	b7e17bf4-929d-4f07-ad2b-1c76c066bcaf	42a62eff-847a-4df9-8202-719d8de4f8d6	1	500
7f64dd1c-196f-4a9b-b455-82d45c7e6672	b7e17bf4-929d-4f07-ad2b-1c76c066bcaf	d914a260-a7c0-469f-88d7-e70a7a960fe4	1	250
14ca0536-d2a9-498b-87f8-df733f8d07b9	de6170f7-b923-470a-8520-a78e1a550fb5	42a62eff-847a-4df9-8202-719d8de4f8d6	1	500
86a77fb0-ff87-43c6-9719-99db260fe61a	de6170f7-b923-470a-8520-a78e1a550fb5	e9606808-df1a-4a84-bd58-e66261397322	1	1000
30306cba-3edc-4011-a177-d9d50b22945f	de6170f7-b923-470a-8520-a78e1a550fb5	08405fe4-cf30-486e-bd2c-60d095207745	1	200
fd733048-da38-4a8b-81b4-89d565076efb	62a6e48f-cccc-43de-9959-ff600142c384	4f1b71d7-f77f-4a06-8be2-c8a11d3dff7f	1	150
aed39b7d-943e-4856-8877-d2164c78fa32	d23c3287-b006-45b9-b082-bfc1ced975de	42a62eff-847a-4df9-8202-719d8de4f8d6	1	500
65f8e58d-d961-46b1-9ae9-5144b56f0e29	06628ecc-9530-4ba0-b41e-15c3ad6b7964	14744fd0-511e-423d-9817-d0ea8c8fd135	1	30
f0a11ddc-dec0-4ac0-969a-648069d3b70d	96d80c2b-b7b4-4eb2-82bd-e6441c67cb82	76fc6cef-2400-4e9c-a97c-6aa3a247f253	2	150
eb3063cd-83d0-4b09-b183-8be4a2dee3fb	62a6e48f-cccc-43de-9959-ff600142c384	1571631c-cd41-44c7-9d66-517b5bc81d73	1	120
eb97d908-5f6e-4556-8132-51a157c00cf6	06628ecc-9530-4ba0-b41e-15c3ad6b7964	ac2a09fc-81e8-4dd0-b2ed-e6c9a7552e0a	1	260
0873a656-4782-40b9-8e5b-d48746689882	4fcc58b9-456d-4a4b-a4ec-7646253375e6	d29eea1f-fc87-45e3-bb59-4bc78f5c298a	3	200
8636fe90-251f-4dd8-a36e-0c805d131e7c	4fcc58b9-456d-4a4b-a4ec-7646253375e6	f3af3935-3e40-4fe1-a5f9-473a5d9602a6	1	150
092522ad-5c9c-4daa-ab55-bb673b7acaee	d23c3287-b006-45b9-b082-bfc1ced975de	14744fd0-511e-423d-9817-d0ea8c8fd135	2	30
3771cf15-091a-4e7c-a4cf-da887bdb608c	62a6e48f-cccc-43de-9959-ff600142c384	e9606808-df1a-4a84-bd58-e66261397322	1	1000
e41b37b1-7afe-4565-8df3-edceec552385	06628ecc-9530-4ba0-b41e-15c3ad6b7964	f3af3935-3e40-4fe1-a5f9-473a5d9602a6	1	150
23d93e4d-cc1e-4c60-b74f-de1d96ca54c4	f98aa8c4-1ebd-4428-8454-2099b5f4c3df	e9606808-df1a-4a84-bd58-e66261397322	1	1000
44d6d615-04c5-47b0-983a-5e9c95489432	fb975ba1-2bd5-42be-aada-5806eb7af0de	42a62eff-847a-4df9-8202-719d8de4f8d6	1	500
8317caa7-196d-4f76-a42e-affcfaddb01a	fb975ba1-2bd5-42be-aada-5806eb7af0de	190701fd-f097-424b-82c3-9750c78a2cc9	1	120
eaff094c-ffaa-4b6a-a957-8a02875e4800	85767c48-d638-4c88-8c19-39fecd20e0c1	42a62eff-847a-4df9-8202-719d8de4f8d6	1	500
f68dc9c1-7465-4cbc-b428-49bb412cd813	85767c48-d638-4c88-8c19-39fecd20e0c1	08a1fecc-0a2e-4cda-8a23-7e828b09f05e	1	120
c7329f0b-a6b1-4a51-bc98-360ed26b07df	7becb69c-d79d-4c48-8653-8fae71655e43	dd679830-7166-4e41-8ee6-71b150710969	1	190
9f0409cc-e378-4701-bc61-9f3d6fbee738	7becb69c-d79d-4c48-8653-8fae71655e43	42a62eff-847a-4df9-8202-719d8de4f8d6	1	500
adc7448c-871e-4719-b893-9d48dce3f614	6ab67766-e9dd-412a-9ed9-8f19eec6bace	14744fd0-511e-423d-9817-d0ea8c8fd135	2	30
8d313540-e8b9-4e2c-b736-08db182e8771	1ef19d56-a99b-4b6e-ac55-935a40cad78c	42a62eff-847a-4df9-8202-719d8de4f8d6	1	500
e4c51ff4-521e-4c93-9bff-9a8623d78f5f	fb975ba1-2bd5-42be-aada-5806eb7af0de	1571631c-cd41-44c7-9d66-517b5bc81d73	1	120
0f878a91-3d06-4c17-b483-207e9c0b694e	85767c48-d638-4c88-8c19-39fecd20e0c1	08405fe4-cf30-486e-bd2c-60d095207745	1	200
6b0ff29b-b4bd-4916-8ab4-2ff6c0d5db54	62a6e48f-cccc-43de-9959-ff600142c384	08a1fecc-0a2e-4cda-8a23-7e828b09f05e	1	120
cc83cdb5-a57d-41c3-a14d-531124685bde	3e7ab41e-5fd5-472f-8b3f-6a7a407adb26	42a62eff-847a-4df9-8202-719d8de4f8d6	1	500
d182cf0c-8e0c-49b9-ac5c-7a4b86fa9f42	3e7ab41e-5fd5-472f-8b3f-6a7a407adb26	84ba23a6-a546-4e12-85dd-ac6c1f5eabbb	1	220
465a2edc-0a6f-49c1-984a-d62be4417558	3e7ab41e-5fd5-472f-8b3f-6a7a407adb26	14744fd0-511e-423d-9817-d0ea8c8fd135	1	30
69d1b9da-faad-407d-a0db-0b2e6de24653	de6170f7-b923-470a-8520-a78e1a550fb5	ac207c8d-6271-45a6-9c87-82ae893680f8	3	150
08fb6793-d7d3-4d09-b605-f938b3eab78f	f5e107aa-2b01-4918-b1d1-4247d59f2bdc	60375e7b-dac0-40c4-97bc-5a844ff82e5f	1	700
db2d7e22-bc77-473e-8d48-19d640323edf	634a04c5-02c3-4806-b042-fe9bcde044c8	60375e7b-dac0-40c4-97bc-5a844ff82e5f	1	700
b8fc99c6-e958-4a26-9438-d91cff7cacee	2ff6d099-adea-43cb-bd70-b3ff04ff2cc0	e9606808-df1a-4a84-bd58-e66261397322	1	1000
9014f428-5dff-4383-a976-6ffd5a6637b5	2ff6d099-adea-43cb-bd70-b3ff04ff2cc0	1571631c-cd41-44c7-9d66-517b5bc81d73	1	120
e23e69b5-3936-4091-b11f-b8d4224bdbb6	683fefef-46d4-43b3-b92f-9fd500488fb4	d29eea1f-fc87-45e3-bb59-4bc78f5c298a	6	200
aae7e710-00f8-4daa-be6b-c7006529aa99	683fefef-46d4-43b3-b92f-9fd500488fb4	eb00d190-b41a-4052-b77d-e3d37879c2df	1	80
2d4043f2-075b-46eb-b64c-57b850a0993b	683fefef-46d4-43b3-b92f-9fd500488fb4	644d1783-8d6a-46bc-bfa4-5be5dd5bf2d9	6	250
a06e2b8e-77e6-41bd-95a0-a200cd44607a	d9eb0851-9d8e-4c8b-92b5-cd734ee9c0c1	08a1fecc-0a2e-4cda-8a23-7e828b09f05e	1	120
e2d43875-1cc8-46df-937c-1355a18187f2	d9eb0851-9d8e-4c8b-92b5-cd734ee9c0c1	dfa68df9-8a61-4119-95bd-c08cc35c4192	1	180
357087df-56ed-4f59-a45b-62a8e58cca81	eda4262b-dd23-48a8-9219-bed42948492c	ac207c8d-6271-45a6-9c87-82ae893680f8	2	150
e32d19ff-8468-418f-aed0-d969f35fec50	eda4262b-dd23-48a8-9219-bed42948492c	f73b6f14-363f-4b77-a28f-5ec3019fa2d5	1	180
c88205a3-e1eb-435c-aaf9-bac22daa247a	dc3c740c-09da-48ae-a97f-918c000ea37a	42a62eff-847a-4df9-8202-719d8de4f8d6	1	500
90e0c29d-50c0-4d6c-9d70-1b5716f30012	dc3c740c-09da-48ae-a97f-918c000ea37a	c3da9680-3244-4074-9c64-f0e79108d152	1	50
845d1106-bcb7-444b-83c8-2782a599be23	eda4262b-dd23-48a8-9219-bed42948492c	42a62eff-847a-4df9-8202-719d8de4f8d6	1	500
d51fb81b-d2fe-426d-9833-603db25fcd31	eda4262b-dd23-48a8-9219-bed42948492c	e9606808-df1a-4a84-bd58-e66261397322	1	1000
fa51fb5f-c194-4a8b-a6aa-8551da77461d	eda4262b-dd23-48a8-9219-bed42948492c	1571631c-cd41-44c7-9d66-517b5bc81d73	1	120
e6d09d4e-9c12-4e85-9b97-ca27930b5ad2	96d80c2b-b7b4-4eb2-82bd-e6441c67cb82	42a62eff-847a-4df9-8202-719d8de4f8d6	1	500
8794828c-a88a-4774-9388-d33add12589c	072b27a5-aa0b-454f-bf07-e4d45221ef91	42a62eff-847a-4df9-8202-719d8de4f8d6	1	500
fa6bfb5a-93e1-413a-96b3-ad2bd139bfe3	cc58d4b8-a2ca-4d9a-a91c-18a4d9f15159	42a62eff-847a-4df9-8202-719d8de4f8d6	1	500
0fca29e2-ac01-4460-b96f-dd2cfaefb0e7	d9ebb19e-91c9-4661-b397-63b5578bf0c3	42a62eff-847a-4df9-8202-719d8de4f8d6	1	500
90dc0107-d6c3-4671-95cd-32b2a7d1c02d	072b27a5-aa0b-454f-bf07-e4d45221ef91	f73b6f14-363f-4b77-a28f-5ec3019fa2d5	1	180
6accba29-b553-44b9-a996-5a9767393451	072b27a5-aa0b-454f-bf07-e4d45221ef91	4630a2f9-8325-4b51-8363-c67a30763508	1	50
8b04b99d-151f-45a9-afaa-e3bb7242467b	06d3d817-df32-4352-91de-ddec33cdf7b4	e9606808-df1a-4a84-bd58-e66261397322	1	1000
4d3bc3e8-7ca6-49e8-ab13-97290b5d9e27	43901790-38be-4d93-93be-01f3592a17f5	42a62eff-847a-4df9-8202-719d8de4f8d6	1	500
82d8f002-664b-4953-924a-278e1c3342fe	43901790-38be-4d93-93be-01f3592a17f5	14744fd0-511e-423d-9817-d0ea8c8fd135	1	30
b2498f0f-f17f-4af2-977a-8443195e1159	43901790-38be-4d93-93be-01f3592a17f5	4f1b71d7-f77f-4a06-8be2-c8a11d3dff7f	1	150
32715470-9635-4249-a6df-160ad3b2c1bd	072b27a5-aa0b-454f-bf07-e4d45221ef91	14744fd0-511e-423d-9817-d0ea8c8fd135	1	30
23e3f1b1-7aab-4c36-97b1-2b305817dffd	cc58d4b8-a2ca-4d9a-a91c-18a4d9f15159	1571631c-cd41-44c7-9d66-517b5bc81d73	1	120
\.


--
-- Data for Name: discounts; Type: TABLE DATA; Schema: public; Owner: postgres
--

COPY "public"."discounts" ("id", "name", "type", "value", "is_active", "created_at", "min_quantity", "item_id", "is_auto") FROM stdin;
616ab4e1-9d16-4513-bb0d-bcfc8048924e	Авто: Kai на Игровой вечер Резидент	percentage	100	t	2026-03-11 14:27:36.103891+00	\N	\N	t
41d81453-6a52-47ad-97ee-d7f19c1eb9ea	Авто: DULASHA на Игровой вечер Резидент	percentage	100	t	2026-03-11 15:54:25.489349+00	\N	\N	t
14fca1f8-07fe-460e-8e67-1bf78959f5f6	Авто: Альтман на Игровой вечер Резидент	fixed	200	t	2026-03-11 15:55:44.532795+00	\N	\N	t
78584d2b-f09e-40b4-8b0a-b657b6b36dc9	2 кальяна	fixed	300	t	2026-03-04 12:47:48.149556+00	2	e9606808-df1a-4a84-bd58-e66261397322	f
\.


--
-- Data for Name: client_discount_rules; Type: TABLE DATA; Schema: public; Owner: postgres
--

COPY "public"."client_discount_rules" ("id", "discount_id", "profile_id", "item_id", "created_at") FROM stdin;
d369859b-31fa-4721-aee9-189331ba4582	616ab4e1-9d16-4513-bb0d-bcfc8048924e	1af9d12c-f0d4-4417-9c48-7c1e458d328a	42a62eff-847a-4df9-8202-719d8de4f8d6	2026-03-11 14:27:36.524013+00
0ef46a50-2612-489f-bff5-40d34039ecc3	41d81453-6a52-47ad-97ee-d7f19c1eb9ea	cc6bbba1-2553-4993-bd13-36db1b4ec999	42a62eff-847a-4df9-8202-719d8de4f8d6	2026-03-11 15:54:25.65703+00
5532b96d-23dd-4ef3-8c68-2805f63f30e2	14fca1f8-07fe-460e-8e67-1bf78959f5f6	081fe3de-e50d-4204-b5ad-379c5f69ff8b	42a62eff-847a-4df9-8202-719d8de4f8d6	2026-03-11 15:55:44.728863+00
\.


--
-- Data for Name: check_discounts; Type: TABLE DATA; Schema: public; Owner: postgres
--

COPY "public"."check_discounts" ("id", "check_id", "discount_id", "target", "item_id", "discount_amount", "created_at", "client_rule_id") FROM stdin;
6ffcd143-10f1-45f3-af98-62c85e3f1313	2e22c013-e50d-475a-8aec-5dde5ba6f5b1	14fca1f8-07fe-460e-8e67-1bf78959f5f6	item	75a4fb07-fb19-4a52-ba49-aa4ee8e3662f	200	2026-03-11 17:39:13.179356+00	5532b96d-23dd-4ef3-8c68-2805f63f30e2
8fcdc2ce-8c78-4203-8a51-66ade729e1c1	eaf3d5b8-3b57-465c-9ada-7f39dda69afc	616ab4e1-9d16-4513-bb0d-bcfc8048924e	item	43e89099-fb1d-402c-aeef-c3212c7314dd	500	2026-03-12 16:25:09.096357+00	d369859b-31fa-4721-aee9-189331ba4582
74183496-d178-45fa-8477-f319d6944eb3	2232810e-deb4-4bde-8e04-3b655513bf6d	616ab4e1-9d16-4513-bb0d-bcfc8048924e	item	78061c2b-e5ad-4cc7-a8d1-049a134062de	500	2026-03-12 18:28:34.065928+00	d369859b-31fa-4721-aee9-189331ba4582
4ebaecde-52fd-4d4b-a5e3-8634b13cedd2	ab03efd1-0e6e-48c4-bc82-c3e0a47113e7	14fca1f8-07fe-460e-8e67-1bf78959f5f6	item	06c1c035-82d4-478f-a7cc-81c3455a4272	200	2026-03-12 20:14:59.687135+00	5532b96d-23dd-4ef3-8c68-2805f63f30e2
a2791b95-ca5d-4a6b-9e51-278b0a4a686b	e9ddc526-44f4-44f1-bbef-7bf7f564aa46	14fca1f8-07fe-460e-8e67-1bf78959f5f6	item	febdf68a-8d61-404f-91dc-d60900494aef	200	2026-03-13 17:40:43.04208+00	5532b96d-23dd-4ef3-8c68-2805f63f30e2
d0fcccc7-ece0-46b0-9f29-73fb9bad5b40	b7e17bf4-929d-4f07-ad2b-1c76c066bcaf	14fca1f8-07fe-460e-8e67-1bf78959f5f6	item	3173c3e1-a746-4818-a8a7-9e692d496e9f	200	2026-03-14 16:52:31.818034+00	5532b96d-23dd-4ef3-8c68-2805f63f30e2
9366c391-ced9-40ee-b6ca-819cea4c3d68	d9ebb19e-91c9-4661-b397-63b5578bf0c3	14fca1f8-07fe-460e-8e67-1bf78959f5f6	item	0fca29e2-ac01-4460-b96f-dd2cfaefb0e7	200	2026-03-17 18:08:56.483035+00	5532b96d-23dd-4ef3-8c68-2805f63f30e2
\.


--
-- Data for Name: modifiers; Type: TABLE DATA; Schema: public; Owner: postgres
--

COPY "public"."modifiers" ("id", "name", "price", "is_active", "created_at") FROM stdin;
e0e56ccf-24d7-4edf-b488-99583e4e789d	Сироп	20	t	2026-03-05 19:25:51.133514+00
\.


--
-- Data for Name: check_item_modifiers; Type: TABLE DATA; Schema: public; Owner: postgres
--

COPY "public"."check_item_modifiers" ("id", "check_item_id", "modifier_id", "price_at_time") FROM stdin;
\.


--
-- Data for Name: check_payments; Type: TABLE DATA; Schema: public; Owner: postgres
--

COPY "public"."check_payments" ("id", "check_id", "method", "amount") FROM stdin;
6cee9e1a-6aed-4e3a-8aa3-5a4e3a658b86	1914a942-7a26-4dbc-b542-60f493f80619	cash	500
bcda5f21-12de-4e3a-bddb-9df08f4fa868	48a025ea-26eb-4083-8be0-6871cc843302	deposit	490
9e9ee4d6-3f27-4f5c-b3f6-50042f184612	6bcebcd9-8f3b-410e-93c7-a7465b724312	cash	820
0700a2d9-a59d-4117-9c53-5d605e401d47	29f8253a-df9a-4aad-bcf4-7f24b3e457e4	card	2220
bea55997-b367-409a-bc21-2befe5b04644	f02f74ae-cacc-4f81-9d72-666f8b8822c6	cash	800
dfdd4db3-6343-495a-b2ab-f59bc1f4e1ab	7ab09359-37f8-4f04-8339-6b36fd3af5b1	card	740
e40f402f-bebc-4b36-9239-910f45df4db6	fd6f3460-ec6f-4159-9f1a-922d7508223b	card	120
8d940e7f-e2b6-48e8-a4c0-2fdb4fbb1de7	7aec90d8-c6b9-4c3e-b8bb-a6a1a54e7a6e	cash	500
4497e418-6dea-4da0-8808-5665ed5c6eb8	c0d7a087-b145-472a-9e8d-853432c6a949	card	580
3e784c29-d674-4bec-915d-2e8d2723297d	231cfee2-0aba-4f15-b122-0a7aa1f040e8	card	1600
787e80dc-3066-4434-bfe6-f1db79d59ef9	2e22c013-e50d-475a-8aec-5dde5ba6f5b1	debt	300
3d95cc9a-178b-49bb-9d0a-0658df17c0d7	b5f43ae8-d043-426b-b2b9-01c833bd9fce	debt	720
fa4e3fb6-e5f7-4886-a136-e644d4bddd4b	9d27e1b1-1a86-4230-b1aa-452404dc28dc	debt	1670
975d26d7-a988-4974-a829-7a2b4b0ab373	eaf3d5b8-3b57-465c-9ada-7f39dda69afc	cash	0
cb4924b6-3fb3-4d36-83cb-a6c97f665632	9f9511f9-78db-4157-8be7-bd15f93315e7	cash	259
8bf4bd68-b444-4430-8c72-b0f99a351a1a	84df56ba-23a5-4f20-9c72-b22f18a6b7b5	card	500
5e39fb19-2241-424e-9be9-0a13cd779e2c	2a666a7b-e0fc-4fd9-a3fa-435211baf9ab	cash	259
6923bf85-3b76-421c-b034-c6b3d7f75de1	1c332efa-ae9c-4d61-b64d-28b30b57f317	card	50
6526a144-2945-4728-be7a-4b7e9f5c249a	93cced3a-6442-426b-8f46-a330ceb990d9	cash	0
a4d6c1c1-b4e9-4218-9a1d-909869425244	2232810e-deb4-4bde-8e04-3b655513bf6d	cash	1700
17ddd6f0-9b11-450e-8491-aae1c312605e	aa76df4e-d310-4041-9c84-0670dd9e8182	card	1000
1929b77e-2884-48d4-b6bf-314690977845	4fffc396-239d-4c8b-b996-e7159dddd377	debt	370
7a6a293d-4bd3-44b9-91b9-aafc6fc11b48	b4cfc36f-b8e3-491d-8b03-cf7d76124057	cash	400
970a8c86-7c54-4250-a804-8fdb2633ab46	b4cfc36f-b8e3-491d-8b03-cf7d76124057	card	220
02e07058-b4d6-429f-b016-77e4d85579f2	8b1ba95b-dc4f-47cc-8370-5367a3af17c2	debt	780
fff46a78-9043-409a-94da-f89b33c73a65	5b629e4e-12c9-4421-98eb-d165cfedaab4	debt	750
94331651-a08b-4cce-8b5e-45e2d2cf91c0	ab03efd1-0e6e-48c4-bc82-c3e0a47113e7	debt	300
bdb840e2-c661-4d0e-b2e8-0624d5856984	341edc17-01d7-4133-9ffd-bb1f35f96879	cash	740
07c19493-f5a8-417f-8754-43c85a71cbfd	9478c733-9477-47d4-9928-c785c308a329	cash	730
1ce67be1-8e87-4997-a5f9-e1ddce308136	2a4be8b6-0064-4580-b8ae-bf9907d607a5	cash	500
4b9ffa05-38d8-4e16-a3e2-0496c2e6013b	c5e96fb3-40c7-4aca-bdfa-1f44cf2f3844	cash	845
cc62bb29-2a73-4489-9f95-ab5f7ca8bb1e	984e2ac1-ea8d-4b19-80ac-f9875ac999f2	cash	1620
1c1c8654-6e6c-4b3d-ae50-d03e0555d6ce	984e2ac1-ea8d-4b19-80ac-f9875ac999f2	cash	1620
4468b137-6360-4b56-a4f8-fd0deaaf1802	07458c69-7a00-40d7-b1fe-a49b6540f970	cash	1700
fc71bd32-3c35-4ca7-9b26-d55788336acb	3cc7b51c-b0b1-4c09-90c1-952b3a51f67d	card	530
0548f864-0479-45be-9e3b-dd513c49b8ae	91802f87-04d0-485e-aff5-ecab5a6ba46f	card	680
13c07228-ad94-423e-8e6c-9207d3b6c9c5	004b0157-7132-4397-b199-ab263755c3a5	card	1800
925c73fe-c264-4277-b698-1e6e97ff7411	e9ddc526-44f4-44f1-bbef-7bf7f564aa46	debt	300
c32b481f-ec11-4b4d-998f-d5ad14fb4102	8132a380-b884-4833-a5cb-ea998ecb0b4d	deposit	150
eefb8242-37b8-4db9-925a-fec3309cf665	519b1476-1c61-4793-8c52-870842718ba3	debt	800
12731181-2a8d-4535-9c0a-92e6d16a71b2	351368ad-7e27-40fe-8040-953f52c8d3b3	debt	490
f271dbac-9e32-411d-b690-e4079ac3e724	dd9fe8e4-c091-46f4-8f9e-55beb70a0564	deposit	250
fff7825f-112b-45c9-b60d-de5d80027422	c082a7ea-f4ea-4a56-8a28-183bc608b4c8	debt	250
e4ae31b0-8bd6-444b-a98c-666c45866946	2327ca2e-b962-44cb-b1b9-f8fa48aafa0c	deposit	300
73252626-d7b9-4c68-a645-280f401e176a	06628ecc-9530-4ba0-b41e-15c3ad6b7964	deposit	440
e607647f-cdca-4c2e-81fc-5ded34a5e5eb	6ab67766-e9dd-412a-9ed9-8f19eec6bace	card	60
c5fa79ec-2418-4104-b4f1-3c64ca1c7cc0	1ef19d56-a99b-4b6e-ac55-935a40cad78c	cash	500
a0413455-d5a4-4f5e-a611-7bc66d384d06	d23c3287-b006-45b9-b082-bfc1ced975de	cash	560
da958b09-ade4-4315-aabf-b2bb2cdfafc0	f98aa8c4-1ebd-4428-8454-2099b5f4c3df	card	1000
19d9ab63-3527-46ca-8fe7-6831d9428cc0	02c294d8-b620-4565-acfe-3e9010586dcb	card	350
783ab1f5-11df-4db4-a99f-326d5a76f6fb	3e7ab41e-5fd5-472f-8b3f-6a7a407adb26	card	750
ea22c5fa-2a80-4b2a-9582-03fa42c54a5a	7becb69c-d79d-4c48-8653-8fae71655e43	cash	690
752d5679-5b55-41d4-b6a6-4fa085c805de	62a6e48f-cccc-43de-9959-ff600142c384	cash	2410
e2ce4f53-2397-44b5-8cbc-fcf3d3fd760d	62a6e48f-cccc-43de-9959-ff600142c384	cash	2410
832fdb20-bf94-4af5-8ce8-e20cd68c836b	f5e107aa-2b01-4918-b1d1-4247d59f2bdc	card	920
77378ee3-c9da-4627-8830-9b98a1a36055	634a04c5-02c3-4806-b042-fe9bcde044c8	card	700
d81c4263-289f-482b-bed1-641bfe49dc85	fb975ba1-2bd5-42be-aada-5806eb7af0de	card	740
e239ad77-1c4f-4e78-b6d1-f19cc32f90bd	4fcc58b9-456d-4a4b-a4ec-7646253375e6	card	1450
e78bd237-81f3-42d0-beed-5b1757dbd6c4	4fcc58b9-456d-4a4b-a4ec-7646253375e6	card	1450
358f12c6-8212-4d5d-88cf-55e8054693b4	de6170f7-b923-470a-8520-a78e1a550fb5	card	2150
84c72c65-4cb2-429d-a12d-3a9c7df070ef	85767c48-d638-4c88-8c19-39fecd20e0c1	debt	820
4409488f-a123-4eb2-a986-fedb5b6c9856	85767c48-d638-4c88-8c19-39fecd20e0c1	debt	820
39eec1f6-338b-41f6-9103-5d93be068ae3	b7e17bf4-929d-4f07-ad2b-1c76c066bcaf	debt	550
c3f262f1-8c70-411a-97d4-ef7276d7ab9e	b7e17bf4-929d-4f07-ad2b-1c76c066bcaf	debt	550
f0696011-a0e3-4a5f-935c-354e661b6fe9	2ff6d099-adea-43cb-bd70-b3ff04ff2cc0	debt	1120
3e360d87-7ea1-4163-973a-d5753d5df9f6	683fefef-46d4-43b3-b92f-9fd500488fb4	card	4155
e56e3d6b-2756-42fd-8825-e53e4c0dca36	d9eb0851-9d8e-4c8b-92b5-cd734ee9c0c1	cash	300
\.


--
-- Data for Name: events; Type: TABLE DATA; Schema: public; Owner: postgres
--

COPY "public"."events" ("id", "type", "location", "date", "start_time", "end_time", "payment_type", "fixed_amount", "status", "comment", "reminders", "check_id", "created_by", "created_at", "updated_at") FROM stdin;
09fbe4a0-3501-4d5d-a216-e9f5bffec86d	titan	\N	2026-03-14	13:00:00	\N	hourly	1000.00	cancelled	Артур-Люся	[]	\N	6a267077-8c76-4337-9144-b24dea885f62	2026-03-11 17:58:43.616874+00	2026-03-11 18:00:19.641777+00
f94661a7-64cb-4fdd-8a45-480ac32c258a	titan	\N	2026-03-12	18:00:00	\N	fixed	1000.00	cancelled	Артур	[]	\N	6a267077-8c76-4337-9144-b24dea885f62	2026-03-11 18:00:38.350668+00	2026-03-11 18:01:10.411207+00
bf5887e5-30a5-40d8-a205-8910bb39cabc	exit	автосервис	2026-03-20	18:00:00	\N	fixed	0.00	cancelled	\N	[]	\N	\N	2026-03-13 13:15:56.531384+00	2026-03-13 17:37:49.557172+00
d6efc06c-affb-4a31-ac28-07158e64359b	exit	Ибица	2026-03-17	18:00:00	\N	hourly	5000.00	cancelled	\N	[]	\N	\N	2026-03-13 00:17:53.145805+00	2026-03-13 17:38:03.790298+00
7e2a4798-25ee-43cb-a6a0-6f70998d1822	titan	\N	2026-03-14	20:00:00	\N	fixed	5000.00	cancelled	\N	[]	\N	\N	2026-03-13 00:16:28.694869+00	2026-03-13 17:38:10.155325+00
d7ee858b-12c9-4f3d-8b81-3dd134fb872c	exit	Ибица	2026-03-14	06:00:00	\N	fixed	10000.00	cancelled	\N	[]	\N	\N	2026-03-13 01:07:33.622067+00	2026-03-13 17:38:15.899996+00
\.


--
-- Data for Name: expenses; Type: TABLE DATA; Schema: public; Owner: postgres
--

COPY "public"."expenses" ("id", "category", "amount", "description", "expense_date", "created_by", "created_at") FROM stdin;
\.


--
-- Data for Name: menu_categories; Type: TABLE DATA; Schema: public; Owner: postgres
--

COPY "public"."menu_categories" ("id", "name", "slug", "parent_id", "icon_name", "sort_order", "is_active", "created_at", "color") FROM stdin;
3200ebfe-4b37-40b2-b263-cfb7d24207ce	Чай/Кофе	чайкофе	288d583f-dba9-4f56-b316-685d9bd3b441	Package	90	t	2026-03-10 18:42:35.942163+00	slate
288d583f-dba9-4f56-b316-685d9bd3b441	Напитки	drinks	\N	GlassWater	20	t	2026-03-04 02:31:30.750352+00	blue
2d8133fd-e7c5-4865-a1f7-6744e59d5e40	Энергетики	энергетики	288d583f-dba9-4f56-b316-685d9bd3b441	Zap	60	t	2026-03-10 17:50:57.671527+00	amber
1fe3431c-05fc-45a5-9f9f-8f9c1c277cee	Алкоголь	алкоголь	288d583f-dba9-4f56-b316-685d9bd3b441	Martini	70	t	2026-03-10 18:26:21.385116+00	rose
a8212a2f-0dad-4498-83fd-4660c0d93cbb	Еда	food	\N	UtensilsCrossed	30	t	2026-03-04 02:31:30.750352+00	orange
ff11411d-0a42-4614-b97e-dfd329fee2c0	Снеки	bar	\N	Cookie	40	t	2026-03-04 02:31:30.750352+00	amber
2ab478b5-9f83-4459-9d1f-a2520bec1ae5	Кальяны	hookah	\N	Wind	50	t	2026-03-04 02:31:30.750352+00	violet
496f9a49-4e77-462e-b830-6f62f7e91fdd	Тарифы	тарифы	\N	Timer	80	t	2026-03-10 18:29:48.904933+00	indigo
\.


--
-- Data for Name: notifications; Type: TABLE DATA; Schema: public; Owner: postgres
--

COPY "public"."notifications" ("id", "type", "title", "body", "meta", "created_at") FROM stdin;
d1e9d6c5-f244-4cc7-af7e-f4c533d54b10	payment_card	Оплата Карта	Гость — 50₽	{"amount": 50, "checkId": "1c332efa-ae9c-4d61-b64d-28b30b57f317", "playerNickname": "Гость"}	2026-03-12 16:36:06.090148+00
25bfe4b2-cecd-4039-9b40-6ea19858711c	payment_cash	Оплата Наличные	Kai — 1 700₽	{"amount": 1700, "checkId": "2232810e-deb4-4bde-8e04-3b655513bf6d", "playerNickname": "Kai"}	2026-03-12 18:29:17.319817+00
cb1ae115-eae2-4f30-bc51-b0c7e80e9d22	revision	Ревизия	1 поз. · разница +1	{"totalDiff": 1, "itemsCount": 1, "revisionId": "83b8bb69-126e-4edf-a56e-a875a0aa2cca", "creatorNickname": "Kai"}	2026-03-12 19:52:04.906344+00
c54bca55-0cb2-4560-bc94-9e8ff6113061	supply	Приёмка товаров	5 поз. на 1 920₽	{"supplyId": "dbd7b0c4-7bec-4c29-93ba-299b13283912", "totalCost": 1920, "itemsCount": 5, "creatorNickname": "Kai"}	2026-03-12 19:54:42.124186+00
728ec083-983a-4283-a224-8a15d7a2930a	shift_close	Смена закрыта	Итого: 3 820₽ · 13 чек. В кассе: 5 270₽	{"checks": [{"totalAmount": 0, "paymentMethod": "cash", "playerNickname": "Kai"}, {"totalAmount": 259, "paymentMethod": "cash", "playerNickname": "Гость"}, {"totalAmount": 500, "paymentMethod": "card", "playerNickname": "Alinellas"}, {"totalAmount": 259, "paymentMethod": "cash", "playerNickname": "Гость"}, {"totalAmount": 50, "paymentMethod": "card", "playerNickname": "Гость"}, {"totalAmount": 0, "paymentMethod": "cash", "playerNickname": "Kai"}, {"totalAmount": 1700, "paymentMethod": "cash", "playerNickname": "Kai"}, {"totalAmount": 1000, "paymentMethod": "card", "playerNickname": "Inko"}, {"totalAmount": 370, "paymentMethod": "debt", "playerNickname": "DULASHA"}, {"totalAmount": 620, "paymentMethod": "split", "playerNickname": "Chippa"}, {"totalAmount": 780, "paymentMethod": "debt", "playerNickname": "Animag"}, {"totalAmount": 750, "paymentMethod": "debt", "playerNickname": "Китана"}, {"totalAmount": 300, "paymentMethod": "debt", "playerNickname": "Альтман"}], "cashEnd": 5270, "closedAt": "2026-03-12T23:07:38.330Z", "openedAt": "2026-03-12T16:24:59.460113+00:00", "staffClose": "Kai", "totalRevenue": 3820}	2026-03-12 23:07:44.353411+00
b4e951e3-7793-42af-93b0-2644baebc5a0	shift_open	Смена открыта	Kai · В кассе: 5 270₽	{"cashStart": 5270, "staffName": "Kai"}	2026-03-13 00:55:48.679214+00
701713ef-f4e6-4f48-99c3-928de75af363	shift_close	Смена закрыта	Выручка: 0₽ · 0 чек. В кассе: 5 270₽	{"checks": [], "cashEnd": 5270, "refunds": [], "closedAt": "2026-03-13T01:18:19.345Z", "openedAt": "2026-03-13T00:55:46.996874+00:00", "staffClose": "Kai", "totalRevenue": 0, "totalRefunded": 0}	2026-03-13 01:18:21.293761+00
eb037df1-c059-4a12-a0c7-e295181c2b40	shift_open	Смена открыта	Kai · В кассе: 8 000₽	{"cashStart": 8000, "staffName": "Kai"}	2026-03-13 16:53:51.687489+00
e49a75cf-ad1a-4ea6-87ac-d49fdf0dcf40	shift_close	Смена закрыта	Выручка: 11 685₽ · 16 чек. В кассе: 14 135₽	{"checks": [{"totalAmount": 740, "paymentMethod": "cash", "playerNickname": "Кэт"}, {"totalAmount": 730, "paymentMethod": "cash", "playerNickname": "Подкова"}, {"totalAmount": 500, "paymentMethod": "cash", "playerNickname": "Добрый"}, {"totalAmount": 845, "paymentMethod": "cash", "playerNickname": "Гость"}, {"totalAmount": 1620, "paymentMethod": "cash", "playerNickname": "SOZA"}, {"totalAmount": 1700, "paymentMethod": "cash", "playerNickname": "Гость"}, {"totalAmount": 530, "paymentMethod": "card", "playerNickname": "Alien"}, {"totalAmount": 680, "paymentMethod": "card", "playerNickname": "Лазер"}, {"totalAmount": 1800, "paymentMethod": "card", "playerNickname": "Geralt"}, {"totalAmount": 300, "paymentMethod": "debt", "playerNickname": "Альтман"}, {"totalAmount": 150, "paymentMethod": "deposit", "playerNickname": "Китана"}, {"totalAmount": 800, "paymentMethod": "debt", "playerNickname": "Саид"}, {"totalAmount": 490, "paymentMethod": "debt", "playerNickname": "DULASHA"}, {"totalAmount": 250, "paymentMethod": "deposit", "playerNickname": "Китана"}, {"totalAmount": 250, "paymentMethod": "debt", "playerNickname": "Альтман"}, {"totalAmount": 300, "paymentMethod": "deposit", "playerNickname": "Китана"}], "cashEnd": 14135, "refunds": [], "closedAt": "2026-03-14T00:00:21.922Z", "openedAt": "2026-03-13T16:53:48.688278+00:00", "staffClose": "Kai", "totalRevenue": 11685, "totalRefunded": 0}	2026-03-14 00:00:25.468256+00
baf9897f-1fd2-40b3-a0af-005b0ff0cbe3	shift_open	Смена открыта	Kai · В кассе: 14 135₽	{"cashStart": 14135, "staffName": "Kai"}	2026-03-14 16:38:37.399854+00
7bd6c3c6-d289-4015-b4fa-ec86c4243958	shift_close	Смена закрыта	Выручка: 14 090₽ · 16 чек. В кассе: 18 295₽	{"checks": [{"totalAmount": 440, "paymentMethod": "deposit", "playerNickname": "Китана"}, {"totalAmount": 60, "paymentMethod": "card", "playerNickname": "Йору"}, {"totalAmount": 500, "paymentMethod": "cash", "playerNickname": "Кобра"}, {"totalAmount": 560, "paymentMethod": "cash", "playerNickname": "ZONDR"}, {"totalAmount": 1000, "paymentMethod": "card", "playerNickname": "Inko"}, {"totalAmount": 350, "paymentMethod": "card", "playerNickname": "Mulan"}, {"totalAmount": 750, "paymentMethod": "card", "playerNickname": "Hisoka"}, {"totalAmount": 690, "paymentMethod": "cash", "playerNickname": "Гость"}, {"totalAmount": 2410, "paymentMethod": "cash", "playerNickname": "Сол Гудман"}, {"totalAmount": 920, "paymentMethod": "card", "playerNickname": "Гость"}, {"totalAmount": 700, "paymentMethod": "card", "playerNickname": "Гость"}, {"totalAmount": 740, "paymentMethod": "card", "playerNickname": "Alinellas"}, {"totalAmount": 1450, "paymentMethod": "card", "playerNickname": "Миротворец"}, {"totalAmount": 2150, "paymentMethod": "card", "playerNickname": "Geralt"}, {"totalAmount": 820, "paymentMethod": "debt", "playerNickname": "Саид"}, {"totalAmount": 550, "paymentMethod": "debt", "playerNickname": "Альтман"}], "cashEnd": 18295, "refunds": [], "closedAt": "2026-03-15T00:55:16.450Z", "openedAt": "2026-03-14T16:38:32.641812+00:00", "staffClose": "Kai", "totalRevenue": 14090, "totalRefunded": 0}	2026-03-15 00:55:20.078662+00
d147e18e-5905-4db3-b6ce-22ac32dae7da	shift_open	Смена открыта	Kai · Без вечера · 18 295₽	{"cashStart": 18295, "staffName": "Kai", "eveningType": "no_event"}	2026-03-15 13:18:03.459269+00
7a26eb8e-ba6e-4c61-a93f-dc7052387d7c	shift_close	Смена закрыта	Итого: 0₽ · 0 чек. В кассе: 18 295₽	{"checks": [], "cashEnd": 18295, "closedAt": "2026-03-15T13:18:30.371Z", "openedAt": "2026-03-15T13:18:01.419623+00:00", "staffClose": "Kai", "totalRevenue": 0}	2026-03-15 13:18:31.81891+00
fbd7621e-17fb-4292-a255-407fe570c81e	shift_open	Смена открыта	Kai · Без вечера · 18 295₽	{"cashStart": 18295, "staffName": "Kai", "eveningType": "no_event"}	2026-03-15 13:18:50.674759+00
e76756b3-25c5-4500-85b8-6c66fc7a647a	shift_close	Смена закрыта	Итого: 0₽ · 0 чек. В кассе: 18 295₽	{"checks": [], "cashEnd": 18295, "closedAt": "2026-03-15T16:06:03.207Z", "openedAt": "2026-03-15T13:18:49.320302+00:00", "staffClose": "Kai", "totalRevenue": 0}	2026-03-15 16:06:07.127342+00
493ae2e8-5fc9-480f-8348-b89c9d72faaf	shift_open	Смена открыта	Kai · Без вечера · 18 295₽	{"cashStart": 18295, "staffName": "Kai", "eveningType": "no_event"}	2026-03-15 16:06:07.816632+00
6e5a2941-221f-4d5e-9a3b-8421c83ff814	shift_close	Смена закрыта	Итого: 0₽ · 0 чек. В кассе: 18 295₽	{"checks": [], "cashEnd": 18295, "closedAt": "2026-03-15T16:28:00.988Z", "openedAt": "2026-03-15T16:06:07.032161+00:00", "staffClose": "Kai", "totalRevenue": 0}	2026-03-15 16:28:04.041229+00
92a54c8c-917c-4627-a76e-ff8dc85fdd42	shift_open	Смена открыта	Kai · Без вечера · 18 295₽	{"cashStart": 18295, "staffName": "Kai", "eveningType": "no_event"}	2026-03-15 16:28:04.074285+00
4eb7bf44-8d3d-41e1-9026-0254b0ac310b	shift_close	Смена закрыта	Итого: 0₽ · 0 чек. В кассе: 18 295₽	{"checks": [], "cashEnd": 18295, "closedAt": "2026-03-16T10:42:39.379Z", "openedAt": "2026-03-15T16:28:02.839034+00:00", "staffClose": "Kai", "totalRevenue": 0}	2026-03-16 10:42:41.934304+00
7dced240-e774-4352-ac53-dc18885df151	supply	Приёмка товаров	2 поз. на 1 950₽	{"supplyId": "eaa8dd5e-bf30-438d-b047-d82271058ad3", "totalCost": 1950.24, "itemsCount": 2, "creatorNickname": "Kai"}	2026-03-16 14:34:11.656325+00
f8ff4ef2-d4f1-4f52-85c7-fe2f5959b7d2	shift_open	Смена открыта	Kai · Без вечера · 18 295₽	{"cashStart": 18295, "staffName": "Kai", "eveningType": "no_event"}	2026-03-16 16:30:10.018168+00
e6a9f7b7-91a7-4d31-92af-fb9a77f25dbe	shift_open	Смена открыта	Тигран · Без вечера · 18 295₽	{"cashStart": 18295, "staffName": "Тигран", "eveningType": "no_event"}	2026-03-16 22:23:13.063573+00
66f25666-814a-4f9f-a716-8f439690e464	shift_close	Смена закрыта	Итого: 0₽ · 0 чек. В кассе: 0₽	{"checks": [], "cashEnd": 0, "closedAt": "2026-03-16T22:36:28.147Z", "openedAt": "2026-03-16T22:23:09.844646+00:00", "staffClose": "Тигран", "totalRevenue": 0}	2026-03-16 22:36:32.07403+00
e99fe5be-f27d-4dd0-948e-9863d84179ab	shift_open	Смена открыта	Kai · Без вечера · 18 295₽	{"cashStart": 18295, "staffName": "Kai", "eveningType": "no_event"}	2026-03-17 12:50:42.943736+00
3952af27-1b3c-48b0-9c79-d9e854c36166	shift_close	Смена закрыта	Итого: 0₽ · 0 чек. В кассе: 18 295₽	{"checks": [], "cashEnd": 18295, "closedAt": "2026-03-17T13:21:21.732Z", "openedAt": "2026-03-17T12:50:38.917751+00:00", "staffClose": "Kai", "totalRevenue": 0}	2026-03-17 13:21:25.818451+00
d3487616-093e-4b78-97ab-91b2cf2cc71f	shift_open	Смена открыта	Kai · Без вечера · 18 295₽	{"cashStart": 18295, "staffName": "Kai", "eveningType": "no_event"}	2026-03-17 13:29:56.641236+00
da4094a0-4139-4624-a8a6-3031c267671c	shift_close	Смена закрыта	Итого: 300₽ · 1 чек. В кассе: 18 595₽	{"checks": [{"totalAmount": 300, "paymentMethod": "cash", "playerNickname": "Гость"}], "cashEnd": 18595, "closedAt": "2026-03-17T16:49:10.281Z", "openedAt": "2026-03-17T13:29:54.272825+00:00", "staffClose": "Kai", "totalRevenue": 300}	2026-03-17 16:49:13.005615+00
69a2dd69-cd51-41c5-bff5-bca719c9413a	shift_open	Смена открыта	Kai · Городская · 18 595₽	{"cashStart": 18595, "staffName": "Kai", "eveningType": "city_mafia"}	2026-03-17 16:49:21.3789+00
\.


--
-- Data for Name: product_modifiers; Type: TABLE DATA; Schema: public; Owner: postgres
--

COPY "public"."product_modifiers" ("id", "product_id", "modifier_id") FROM stdin;
4afcc39a-ac1e-464d-9086-701740eab853	dd679830-7166-4e41-8ee6-71b150710969	e0e56ccf-24d7-4edf-b488-99583e4e789d
05476994-307d-4abb-95b0-c9df41641813	2d78a817-54fb-41b0-8b9a-3c3ec226edfd	e0e56ccf-24d7-4edf-b488-99583e4e789d
\.


--
-- Data for Name: refunds; Type: TABLE DATA; Schema: public; Owner: postgres
--

COPY "public"."refunds" ("id", "check_id", "shift_id", "refund_type", "total_amount", "bonus_deducted", "bonus_returned", "note", "created_by", "created_at") FROM stdin;
8a16ffae-aee5-4285-b24c-f0caa2eecc5f	1914a942-7a26-4dbc-b542-60f493f80619	8a59de9c-3d19-410b-8111-d693b8f102c0	full	500	20	0	\N	1af9d12c-f0d4-4417-9c48-7c1e458d328a	2026-03-11 16:41:16.323197+00
eadf7431-9c1b-4995-a769-e0d437c86bf7	84df56ba-23a5-4f20-9c72-b22f18a6b7b5	b1748121-b455-4ae3-a343-a2fd5f6a787d	full	500	25	0	\N	1af9d12c-f0d4-4417-9c48-7c1e458d328a	2026-03-12 16:26:13.610082+00
6f9a5220-ca92-459d-a89f-1025a3dfa2f7	9f9511f9-78db-4157-8be7-bd15f93315e7	b1748121-b455-4ae3-a343-a2fd5f6a787d	full	259	12	0	\N	1af9d12c-f0d4-4417-9c48-7c1e458d328a	2026-03-12 16:26:19.788+00
b24f4c3d-2deb-4961-8f6b-3986c6c96fef	eaf3d5b8-3b57-465c-9ada-7f39dda69afc	b1748121-b455-4ae3-a343-a2fd5f6a787d	full	0	0	0	\N	1af9d12c-f0d4-4417-9c48-7c1e458d328a	2026-03-12 16:26:25.641361+00
bd9e526a-8f50-4182-b943-f869dedc9622	1c332efa-ae9c-4d61-b64d-28b30b57f317	b1748121-b455-4ae3-a343-a2fd5f6a787d	full	50	2	0	\N	1af9d12c-f0d4-4417-9c48-7c1e458d328a	2026-03-12 16:37:02.345636+00
4fd23301-0d19-426d-8383-1486e7fa75e2	2a666a7b-e0fc-4fd9-a3fa-435211baf9ab	b1748121-b455-4ae3-a343-a2fd5f6a787d	full	259	12	0	\N	1af9d12c-f0d4-4417-9c48-7c1e458d328a	2026-03-12 16:37:06.81599+00
ee0cdd8b-ebcd-4ede-90f9-8e83fb19b323	2232810e-deb4-4bde-8e04-3b655513bf6d	b1748121-b455-4ae3-a343-a2fd5f6a787d	full	1700	85	0	\N	1af9d12c-f0d4-4417-9c48-7c1e458d328a	2026-03-12 18:29:39.830036+00
\.


--
-- Data for Name: refund_items; Type: TABLE DATA; Schema: public; Owner: postgres
--

COPY "public"."refund_items" ("id", "refund_id", "item_id", "quantity", "price_at_time") FROM stdin;
408d2937-502f-4a31-9d90-d1e79dde4dfb	8a16ffae-aee5-4285-b24c-f0caa2eecc5f	42a62eff-847a-4df9-8202-719d8de4f8d6	1	500
79acc482-05c7-466a-ab3a-9ccb968bd75c	eadf7431-9c1b-4995-a769-e0d437c86bf7	42a62eff-847a-4df9-8202-719d8de4f8d6	1	500
d0db3ca9-6869-4693-8150-a0272ba62064	6f9a5220-ca92-459d-a89f-1025a3dfa2f7	d914a260-a7c0-469f-88d7-e70a7a960fe4	1	259
922e91f1-f948-435a-a4c2-5c3d53b99126	b24f4c3d-2deb-4961-8f6b-3986c6c96fef	42a62eff-847a-4df9-8202-719d8de4f8d6	1	500
850dc860-bf47-4f5c-afcc-f2a33030dbaf	bd9e526a-8f50-4182-b943-f869dedc9622	536d72b9-8bc8-4234-bfe7-051789fb9973	1	50
aa6138e7-c723-4f22-b77a-26c3965a95d9	4fd23301-0d19-426d-8383-1486e7fa75e2	d914a260-a7c0-469f-88d7-e70a7a960fe4	1	259
02dc6423-3afe-4937-a4d9-111d2603ffdf	ee0cdd8b-ebcd-4ede-90f9-8e83fb19b323	42a62eff-847a-4df9-8202-719d8de4f8d6	1	500
88cfecd9-3262-4276-907b-60151ead6e28	ee0cdd8b-ebcd-4ede-90f9-8e83fb19b323	18b43bf7-5b9c-41d7-a279-0731f65346ca	1	700
d169f6cd-9d74-47cd-8aba-d19c55daca2b	ee0cdd8b-ebcd-4ede-90f9-8e83fb19b323	e9606808-df1a-4a84-bd58-e66261397322	1	1000
\.


--
-- Data for Name: revisions; Type: TABLE DATA; Schema: public; Owner: postgres
--

COPY "public"."revisions" ("id", "note", "total_diff", "items_count", "created_by", "created_at") FROM stdin;
774882e1-9e8c-4795-8895-9dcc257f04c0	Нулевая ревизия 	280	21	1af9d12c-f0d4-4417-9c48-7c1e458d328a	2026-03-11 16:30:02.295442+00
83b8bb69-126e-4edf-a56e-a875a0aa2cca	Списание бургера из возврата 	1	1	1af9d12c-f0d4-4417-9c48-7c1e458d328a	2026-03-12 19:52:01.45388+00
\.


--
-- Data for Name: revision_items; Type: TABLE DATA; Schema: public; Owner: postgres
--

COPY "public"."revision_items" ("id", "revision_id", "item_id", "expected_qty", "actual_qty", "diff") FROM stdin;
086c6607-92bd-489a-a3d0-273ba1069f15	774882e1-9e8c-4795-8895-9dcc257f04c0	5c07e605-7cd8-4d91-b074-36dc2dcba0ef	0	2	2
561d29e0-f0fa-4ea9-bbfe-45aaecf6b899	774882e1-9e8c-4795-8895-9dcc257f04c0	536d72b9-8bc8-4234-bfe7-051789fb9973	0	17	17
a97da377-48b1-4697-86ef-70a893f9a496	774882e1-9e8c-4795-8895-9dcc257f04c0	f73b6f14-363f-4b77-a28f-5ec3019fa2d5	0	12	12
dd9e69e0-6500-439c-8441-c56b0432de39	774882e1-9e8c-4795-8895-9dcc257f04c0	eb00d190-b41a-4052-b77d-e3d37879c2df	0	6	6
e8a196ba-33a5-476c-9552-5bcc00c42240	774882e1-9e8c-4795-8895-9dcc257f04c0	f3af3935-3e40-4fe1-a5f9-473a5d9602a6	0	15	15
ba61d6b6-73e2-46b4-9939-82519b30460c	774882e1-9e8c-4795-8895-9dcc257f04c0	4f1b71d7-f77f-4a06-8be2-c8a11d3dff7f	0	22	22
9fb925a5-7d7d-4b98-a37d-9ac45d107cfe	774882e1-9e8c-4795-8895-9dcc257f04c0	08a1fecc-0a2e-4cda-8a23-7e828b09f05e	0	30	30
1ece039b-03bb-4ce3-a0d6-0983994be563	774882e1-9e8c-4795-8895-9dcc257f04c0	dfa68df9-8a61-4119-95bd-c08cc35c4192	0	14	14
8cb375ad-ce8d-4de7-a34d-48c47ee6aa50	774882e1-9e8c-4795-8895-9dcc257f04c0	36afa5e1-e698-4bae-9489-c0467be0dfb2	0	6	6
4eeefb2f-72d1-453e-92ca-2e9f981d84e9	774882e1-9e8c-4795-8895-9dcc257f04c0	f69ee982-040a-4af8-95ac-56fab30d4a55	0	13	13
e8799f07-8fd7-463e-8f7f-8da1484ee271	774882e1-9e8c-4795-8895-9dcc257f04c0	14744fd0-511e-423d-9817-d0ea8c8fd135	0	23	23
11ab6cb1-a20a-4074-9fbe-5cff0df685c7	774882e1-9e8c-4795-8895-9dcc257f04c0	1571631c-cd41-44c7-9d66-517b5bc81d73	0	8	8
82e574d3-2dc6-4fe4-ac06-4343307e979a	774882e1-9e8c-4795-8895-9dcc257f04c0	ac207c8d-6271-45a6-9c87-82ae893680f8	0	19	19
4e983c89-2a9a-497d-8ea7-e11efa1d80c6	774882e1-9e8c-4795-8895-9dcc257f04c0	d29eea1f-fc87-45e3-bb59-4bc78f5c298a	0	11	11
48829a05-1e62-4c92-ba5a-f1713e48128f	774882e1-9e8c-4795-8895-9dcc257f04c0	76fc6cef-2400-4e9c-a97c-6aa3a247f253	0	8	8
1feed928-0126-41b5-904a-65011944fd93	774882e1-9e8c-4795-8895-9dcc257f04c0	e22b47a1-cbfa-46cb-beaa-fad519c01993	0	20	20
eeeb2fa6-71d2-44ed-9136-28b5231629be	774882e1-9e8c-4795-8895-9dcc257f04c0	08405fe4-cf30-486e-bd2c-60d095207745	0	19	19
dfa1cc7d-925d-4b4a-adea-5af1609f99d8	774882e1-9e8c-4795-8895-9dcc257f04c0	84ba23a6-a546-4e12-85dd-ac6c1f5eabbb	0	10	10
14354b98-2bbe-4591-84a6-2240daf256d0	774882e1-9e8c-4795-8895-9dcc257f04c0	190701fd-f097-424b-82c3-9750c78a2cc9	0	10	10
1e48a059-47bf-4ad7-885d-d2f58c368f86	774882e1-9e8c-4795-8895-9dcc257f04c0	e1d91017-d20c-4685-8a9a-799aa8c54e8d	0	3	3
aad00996-b013-4773-b736-bc47c3001098	774882e1-9e8c-4795-8895-9dcc257f04c0	3684a44a-6233-4e86-813b-cc405460e5ec	0	12	12
9e1d04da-9d64-44ed-b3f1-057b17b81fa8	83b8bb69-126e-4edf-a56e-a875a0aa2cca	d914a260-a7c0-469f-88d7-e70a7a960fe4	1	0	-1
\.


--
-- Data for Name: salary_payments; Type: TABLE DATA; Schema: public; Owner: postgres
--

COPY "public"."salary_payments" ("id", "profile_id", "amount", "shift_id", "payment_method", "cash_operation_id", "paid_by", "note", "created_at") FROM stdin;
a12fd094-9404-4349-b3a1-3e16202538b1	1af9d12c-f0d4-4417-9c48-7c1e458d328a	700	825ce810-056a-4b92-a383-3932aaa4f953	transfer	\N	6a267077-8c76-4337-9144-b24dea885f62	\N	2026-03-12 20:45:51.677234+00
452af032-fea2-4f93-ba4e-433b37778299	ac7986d1-fd2a-4b2a-883c-e2cc4e22de27	1100	\N	transfer	\N	1af9d12c-f0d4-4417-9c48-7c1e458d328a	\N	2026-03-12 22:00:41.811567+00
\.


--
-- Data for Name: salary_skipped_shifts; Type: TABLE DATA; Schema: public; Owner: postgres
--

COPY "public"."salary_skipped_shifts" ("id", "shift_id", "created_by", "created_at") FROM stdin;
\.


--
-- Data for Name: supplies; Type: TABLE DATA; Schema: public; Owner: postgres
--

COPY "public"."supplies" ("id", "note", "total_cost", "created_by", "created_at", "payment_method") FROM stdin;
dbd7b0c4-7bec-4c29-93ba-299b13283912	Еда	1920	1af9d12c-f0d4-4417-9c48-7c1e458d328a	2026-03-12 19:54:39.358479+00	transfer
eaa8dd5e-bf30-438d-b047-d82271058ad3	Вода	1950.24	1af9d12c-f0d4-4417-9c48-7c1e458d328a	2026-03-16 14:34:07.259477+00	transfer
\.


--
-- Data for Name: supply_items; Type: TABLE DATA; Schema: public; Owner: postgres
--

COPY "public"."supply_items" ("id", "supply_id", "item_id", "quantity", "cost_per_unit", "total_cost") FROM stdin;
a2dfe3fd-f8d5-42f7-8a5f-de1085f99822	dbd7b0c4-7bec-4c29-93ba-299b13283912	d914a260-a7c0-469f-88d7-e70a7a960fe4	4	120	480
400af764-637c-425a-837b-766a54189236	dbd7b0c4-7bec-4c29-93ba-299b13283912	468bea2d-a8ec-4060-808b-d7621985f546	4	120	480
a1b72a05-fada-4abf-b8a9-fb154607691e	dbd7b0c4-7bec-4c29-93ba-299b13283912	160592c2-ee13-4326-8435-5f38eb5208b1	3	120	360
079253b0-fa1d-42f0-917a-d639f516fc7f	dbd7b0c4-7bec-4c29-93ba-299b13283912	6680e19e-f43d-40a5-93bb-b33ee425774d	3	120	360
dff08e06-cd89-4ea6-83df-5b5a2c92dd5b	dbd7b0c4-7bec-4c29-93ba-299b13283912	487a08bf-d85b-4a12-bca5-a7231ce3351b	2	120	240
2d2bc886-5d11-4a7f-9fc2-7c1e1ad8751b	eaa8dd5e-bf30-438d-b047-d82271058ad3	1571631c-cd41-44c7-9d66-517b5bc81d73	36	45.84	1650.24
c1c5925c-e143-4546-a113-dc2e354a6b4f	eaa8dd5e-bf30-438d-b047-d82271058ad3	14744fd0-511e-423d-9817-d0ea8c8fd135	24	12.5	300
\.


--
-- Data for Name: tg_link_requests; Type: TABLE DATA; Schema: public; Owner: postgres
--

COPY "public"."tg_link_requests" ("id", "tg_id", "tg_username", "tg_first_name", "profile_id", "status", "created_at") FROM stdin;
\.


--
-- Data for Name: transactions; Type: TABLE DATA; Schema: public; Owner: postgres
--

COPY "public"."transactions" ("id", "type", "amount", "description", "item_id", "check_id", "player_id", "created_by", "created_at") FROM stdin;
067e0066-2738-44a7-b47f-64202b33444e	revision	2	Ревизия Арахис: было 0, факт 2, разница +2	5c07e605-7cd8-4d91-b074-36dc2dcba0ef	\N	\N	1af9d12c-f0d4-4417-9c48-7c1e458d328a	2026-03-11 16:30:02.946788+00
c4e9ef34-04f3-427c-9b72-ec86a292ee56	revision	17	Ревизия Батончики: было 0, факт 17, разница +17	536d72b9-8bc8-4234-bfe7-051789fb9973	\N	\N	1af9d12c-f0d4-4417-9c48-7c1e458d328a	2026-03-11 16:30:03.303981+00
f3bcc834-7be9-4aca-9b5a-e3bc6c3630da	revision	12	Ревизия Семечки: было 0, факт 12, разница +12	f73b6f14-363f-4b77-a28f-5ec3019fa2d5	\N	\N	1af9d12c-f0d4-4417-9c48-7c1e458d328a	2026-03-11 16:30:03.869854+00
6e6f3dec-123d-4bdd-92c4-a1a76eb78b21	revision	6	Ревизия Сухарики: было 0, факт 6, разница +6	eb00d190-b41a-4052-b77d-e3d37879c2df	\N	\N	1af9d12c-f0d4-4417-9c48-7c1e458d328a	2026-03-11 16:30:04.227456+00
fcb02ad5-dbe3-4c8b-b693-b3e1422c2d0c	revision	15	Ревизия Чипсы: было 0, факт 15, разница +15	f3af3935-3e40-4fe1-a5f9-473a5d9602a6	\N	\N	1af9d12c-f0d4-4417-9c48-7c1e458d328a	2026-03-11 16:30:04.552195+00
775990ac-c0a5-44c0-b635-9378b78ea840	revision	22	Ревизия Шоколадки: было 0, факт 22, разница +22	4f1b71d7-f77f-4a06-8be2-c8a11d3dff7f	\N	\N	1af9d12c-f0d4-4417-9c48-7c1e458d328a	2026-03-11 16:30:04.863717+00
cd91244d-2975-42ee-9fc3-e3dc93626021	revision	30	Ревизия Kinza: было 0, факт 30, разница +30	08a1fecc-0a2e-4cda-8a23-7e828b09f05e	\N	\N	1af9d12c-f0d4-4417-9c48-7c1e458d328a	2026-03-11 16:30:05.162783+00
6f77eaf3-f322-4429-8b81-591d93d3bcfb	revision	14	Ревизия Акапелла: было 0, факт 14, разница +14	dfa68df9-8a61-4119-95bd-c08cc35c4192	\N	\N	1af9d12c-f0d4-4417-9c48-7c1e458d328a	2026-03-11 16:30:05.504431+00
9365b3b8-091b-4651-92db-68fdc18276b9	revision	6	Ревизия Вода Бабугент: было 0, факт 6, разница +6	36afa5e1-e698-4bae-9489-c0467be0dfb2	\N	\N	1af9d12c-f0d4-4417-9c48-7c1e458d328a	2026-03-11 16:30:05.798975+00
0897d52d-7b30-4258-8b10-10480029b20c	revision	13	Ревизия Вода Бабугент газ: было 0, факт 13, разница +13	f69ee982-040a-4af8-95ac-56fab30d4a55	\N	\N	1af9d12c-f0d4-4417-9c48-7c1e458d328a	2026-03-11 16:30:06.099525+00
4ab10b2e-de2e-495a-be43-2bbd78b8427a	revision	23	Ревизия Вода Родниковая: было 0, факт 23, разница +23	14744fd0-511e-423d-9817-d0ea8c8fd135	\N	\N	1af9d12c-f0d4-4417-9c48-7c1e458d328a	2026-03-11 16:30:06.408035+00
7a891b54-2509-4d03-af0b-cec96eadd195	revision	8	Ревизия Добрый ЖБ: было 0, факт 8, разница +8	1571631c-cd41-44c7-9d66-517b5bc81d73	\N	\N	1af9d12c-f0d4-4417-9c48-7c1e458d328a	2026-03-11 16:30:06.712477+00
d65d06b4-899d-4920-b199-930014b58446	revision	19	Ревизия Жигули: было 0, факт 19, разница +19	ac207c8d-6271-45a6-9c87-82ae893680f8	\N	\N	1af9d12c-f0d4-4417-9c48-7c1e458d328a	2026-03-11 16:30:07.024677+00
78a956e2-cbcc-4f9b-b7cf-277e1398ddfd	revision	11	Ревизия Бад: было 0, факт 11, разница +11	d29eea1f-fc87-45e3-bb59-4bc78f5c298a	\N	\N	1af9d12c-f0d4-4417-9c48-7c1e458d328a	2026-03-11 16:30:07.335331+00
ee3190a9-05ca-492a-b053-66e8368b41cf	revision	8	Ревизия Ловенбрау 0%: было 0, факт 8, разница +8	76fc6cef-2400-4e9c-a97c-6aa3a247f253	\N	\N	1af9d12c-f0d4-4417-9c48-7c1e458d328a	2026-03-11 16:30:07.635197+00
26153cf4-8355-410a-9fee-2f4d6c112ca1	revision	20	Ревизия Ловенбрау светлое: было 0, факт 20, разница +20	e22b47a1-cbfa-46cb-beaa-fad519c01993	\N	\N	1af9d12c-f0d4-4417-9c48-7c1e458d328a	2026-03-11 16:30:07.945411+00
694a495d-a4e1-4ed4-9408-68ecdb7c168c	revision	19	Ревизия Ловенбрау Темное: было 0, факт 19, разница +19	08405fe4-cf30-486e-bd2c-60d095207745	\N	\N	1af9d12c-f0d4-4417-9c48-7c1e458d328a	2026-03-11 16:30:08.301813+00
a9bcb3ce-02cd-4bdb-ab2f-91450b655cff	revision	10	Ревизия Адреналин: было 0, факт 10, разница +10	84ba23a6-a546-4e12-85dd-ac6c1f5eabbb	\N	\N	1af9d12c-f0d4-4417-9c48-7c1e458d328a	2026-03-11 16:30:08.608322+00
6654c0ee-2d16-46fe-9b39-3296008c0f34	revision	10	Ревизия Адреналин Мини: было 0, факт 10, разница +10	190701fd-f097-424b-82c3-9750c78a2cc9	\N	\N	1af9d12c-f0d4-4417-9c48-7c1e458d328a	2026-03-11 16:30:08.926281+00
0b0f3f6e-3354-4c85-8fac-16aceac415d4	revision	3	Ревизия Берн: было 0, факт 3, разница +3	e1d91017-d20c-4685-8a9a-799aa8c54e8d	\N	\N	1af9d12c-f0d4-4417-9c48-7c1e458d328a	2026-03-11 16:30:09.238338+00
ec4f9a54-6d29-42cd-bc51-75e7c06a08da	revision	12	Ревизия Флэш: было 0, факт 12, разница +12	3684a44a-6233-4e86-813b-cc405460e5ec	\N	\N	1af9d12c-f0d4-4417-9c48-7c1e458d328a	2026-03-11 16:30:09.539208+00
7774f8f1-d951-44e3-8bf9-dc5d9f0e7f8a	debt_adjustment	-141040	Создание долга (было 0₽, стало -141040₽)	\N	\N	a0261b03-0a6c-43d8-b5ce-77b769d0b3e5	1af9d12c-f0d4-4417-9c48-7c1e458d328a	2026-03-11 16:35:43.897558+00
82b5932e-0dc8-4520-84b2-2162f7492968	debt_adjustment	-250	Создание долга (было 0₽, стало -250₽)	\N	\N	081fe3de-e50d-4204-b5ad-379c5f69ff8b	1af9d12c-f0d4-4417-9c48-7c1e458d328a	2026-03-11 16:35:53.138735+00
0c723787-fd5d-4d6f-aa24-8b07d220bf0a	debt_adjustment	-1080	Создание долга (было 0₽, стало -1080₽)	\N	\N	cc6bbba1-2553-4993-bd13-36db1b4ec999	1af9d12c-f0d4-4417-9c48-7c1e458d328a	2026-03-11 16:36:32.61011+00
fe537710-e86f-4c52-b067-a5382ebcee8c	debt_adjustment	-3610	Создание долга (было 0₽, стало -3610₽)	\N	\N	b1504831-8537-46ec-8956-10d5ab2d372b	1af9d12c-f0d4-4417-9c48-7c1e458d328a	2026-03-11 16:37:07.932167+00
30f6516b-fb2e-4b77-ae58-a62b56dfeb78	debt_adjustment	-80	Создание долга (было 0₽, стало -80₽)	\N	\N	be01bf28-921a-4e02-8eb9-7b1af57cf399	1af9d12c-f0d4-4417-9c48-7c1e458d328a	2026-03-11 16:37:18.37181+00
711693cc-5974-426c-9496-79b660f4ffba	debt_adjustment	-150	Создание долга (было 0₽, стало -150₽)	\N	\N	0bbe7fea-7d2c-480f-97d3-0a1b728db0f6	1af9d12c-f0d4-4417-9c48-7c1e458d328a	2026-03-11 16:37:27.86988+00
2781b5bf-1bec-4981-bfdb-e32a687cc08d	debt_adjustment	143540	Внесение депозита (было 0₽, стало 143540₽)	\N	\N	7d77c549-b27d-4446-8a1e-0712ddb0a387	1af9d12c-f0d4-4417-9c48-7c1e458d328a	2026-03-11 16:38:14.402316+00
c27ff1c7-5267-4f48-9014-8a067f774ce1	bonus_accrual	20	Начисление бонусов (4% от 500₽)	\N	1914a942-7a26-4dbc-b542-60f493f80619	9de868be-7c79-4816-8010-8bbf7839e7b2	1af9d12c-f0d4-4417-9c48-7c1e458d328a	2026-03-11 16:41:10.461288+00
27adf0fd-91c9-4d56-ae55-63a6cf41c6b2	sale	500	Закрытие чека (наличные)	\N	1914a942-7a26-4dbc-b542-60f493f80619	9de868be-7c79-4816-8010-8bbf7839e7b2	1af9d12c-f0d4-4417-9c48-7c1e458d328a	2026-03-11 16:41:10.809326+00
354d13f3-4c3a-48ef-a1f0-e483681d949c	refund	20	Списание бонусов при возврате (полный)	\N	1914a942-7a26-4dbc-b542-60f493f80619	9de868be-7c79-4816-8010-8bbf7839e7b2	1af9d12c-f0d4-4417-9c48-7c1e458d328a	2026-03-11 16:41:17.439735+00
d6256f94-769d-4156-93ac-301f3ab05d99	refund	-500	Возврат по чеку (полный): 500₽	\N	1914a942-7a26-4dbc-b542-60f493f80619	9de868be-7c79-4816-8010-8bbf7839e7b2	1af9d12c-f0d4-4417-9c48-7c1e458d328a	2026-03-11 16:41:17.60557+00
3eeb1317-7fd5-40cf-adbd-31e32472df79	debt_adjustment	-490	Оплата с депозита по чеку (было 143540₽, стало 143050₽)	\N	48a025ea-26eb-4083-8be0-6871cc843302	7d77c549-b27d-4446-8a1e-0712ddb0a387	ac7986d1-fd2a-4b2a-883c-e2cc4e22de27	2026-03-11 19:29:48.266962+00
f0c5dca3-1211-4a81-91b1-80944c8edb37	sale	490	Закрытие чека (депозит)	\N	48a025ea-26eb-4083-8be0-6871cc843302	7d77c549-b27d-4446-8a1e-0712ddb0a387	ac7986d1-fd2a-4b2a-883c-e2cc4e22de27	2026-03-11 19:29:48.725097+00
87437cd0-737a-4d9f-9729-766ae9d4f3ea	bonus_accrual	41	Начисление бонусов (5% от 820₽)	\N	6bcebcd9-8f3b-410e-93c7-a7465b724312	bd6db6d7-8834-4a74-ab9d-f43fc83d6190	ac7986d1-fd2a-4b2a-883c-e2cc4e22de27	2026-03-11 20:51:03.761049+00
77ceaff4-bf5c-40a8-b29d-d6845066e030	sale	820	Закрытие чека (наличные)	\N	6bcebcd9-8f3b-410e-93c7-a7465b724312	bd6db6d7-8834-4a74-ab9d-f43fc83d6190	ac7986d1-fd2a-4b2a-883c-e2cc4e22de27	2026-03-11 20:51:04.411585+00
b1988fce-1226-4504-a900-031d31e52941	bonus_accrual	111	Начисление бонусов (5% от 2220₽)	\N	29f8253a-df9a-4aad-bcf4-7f24b3e457e4	23559e65-c66a-4ca0-9cd2-bcec8dde0795	ac7986d1-fd2a-4b2a-883c-e2cc4e22de27	2026-03-11 21:08:43.158745+00
fec74b94-551f-444a-9a4e-80c9c1b48d5a	sale	2220	Закрытие чека (карта)	\N	29f8253a-df9a-4aad-bcf4-7f24b3e457e4	23559e65-c66a-4ca0-9cd2-bcec8dde0795	ac7986d1-fd2a-4b2a-883c-e2cc4e22de27	2026-03-11 21:08:43.559742+00
17bcbf96-a1f9-4716-999e-50c0acf59a26	bonus_accrual	40	Начисление бонусов (5% от 800₽)	\N	f02f74ae-cacc-4f81-9d72-666f8b8822c6	4b4e3556-4c07-4963-a8c1-72c0e9f13ee3	ac7986d1-fd2a-4b2a-883c-e2cc4e22de27	2026-03-11 21:39:15.712155+00
87deee5e-1209-41ac-9b9a-43bbd3c3409e	sale	800	Закрытие чека (наличные)	\N	f02f74ae-cacc-4f81-9d72-666f8b8822c6	4b4e3556-4c07-4963-a8c1-72c0e9f13ee3	ac7986d1-fd2a-4b2a-883c-e2cc4e22de27	2026-03-11 21:39:16.040321+00
b16f42b7-e17f-4f6c-8f43-27c59091522e	bonus_accrual	37	Начисление бонусов (5% от 740₽)	\N	7ab09359-37f8-4f04-8339-6b36fd3af5b1	8c1f97c3-50c5-41fb-a139-3e2ee4743b74	1af9d12c-f0d4-4417-9c48-7c1e458d328a	2026-03-11 21:51:27.339945+00
8bb08d7b-5d15-406b-b22e-7c7174aa33db	sale	740	Закрытие чека (карта)	\N	7ab09359-37f8-4f04-8339-6b36fd3af5b1	8c1f97c3-50c5-41fb-a139-3e2ee4743b74	1af9d12c-f0d4-4417-9c48-7c1e458d328a	2026-03-11 21:51:27.627961+00
4fdfa9d5-4281-45e2-aa39-9ebb78e6bda3	sale	120	Закрытие чека (карта)	\N	fd6f3460-ec6f-4159-9f1a-922d7508223b	23559e65-c66a-4ca0-9cd2-bcec8dde0795	ac7986d1-fd2a-4b2a-883c-e2cc4e22de27	2026-03-11 21:52:28.825323+00
7e157b77-e485-445b-828a-781ce84cab1d	bonus_accrual	25	Начисление бонусов (5% от 500₽)	\N	7aec90d8-c6b9-4c3e-b8bb-a6a1a54e7a6e	00f2e6fe-74cc-4e38-a333-8dc1feee1b01	ac7986d1-fd2a-4b2a-883c-e2cc4e22de27	2026-03-11 21:58:39.119845+00
0248170e-7175-47b3-a9e4-4fa416eef937	bonus_accrual	29	Начисление бонусов (5% от 580₽)	\N	c0d7a087-b145-472a-9e8d-853432c6a949	9de868be-7c79-4816-8010-8bbf7839e7b2	ac7986d1-fd2a-4b2a-883c-e2cc4e22de27	2026-03-11 22:19:41.485085+00
b1f92985-47d8-4c4d-b73a-a174df2c7eb6	sale	580	Закрытие чека (карта)	\N	c0d7a087-b145-472a-9e8d-853432c6a949	9de868be-7c79-4816-8010-8bbf7839e7b2	ac7986d1-fd2a-4b2a-883c-e2cc4e22de27	2026-03-11 22:19:42.210181+00
3cf9b05e-a87f-4dc3-9dfb-bec428c24de3	bonus_accrual	80	Начисление бонусов (5% от 1600₽)	\N	231cfee2-0aba-4f15-b122-0a7aa1f040e8	6a6082d5-224d-4dcc-82bb-0dcaf75d39dc	ac7986d1-fd2a-4b2a-883c-e2cc4e22de27	2026-03-11 22:19:54.809445+00
ba2cc8e6-a535-495e-8726-6416fd872a90	sale	1600	Закрытие чека (карта)	\N	231cfee2-0aba-4f15-b122-0a7aa1f040e8	6a6082d5-224d-4dcc-82bb-0dcaf75d39dc	ac7986d1-fd2a-4b2a-883c-e2cc4e22de27	2026-03-11 22:19:55.612727+00
7042cb08-57f7-49ac-b73e-f46909916d88	sale	300	Закрытие чека (долг)	\N	2e22c013-e50d-475a-8aec-5dde5ba6f5b1	081fe3de-e50d-4204-b5ad-379c5f69ff8b	ac7986d1-fd2a-4b2a-883c-e2cc4e22de27	2026-03-11 22:20:41.751934+00
6b9c3fc6-9abf-4a31-b50c-de3dd321727b	sale	720	Закрытие чека (долг)	\N	b5f43ae8-d043-426b-b2b9-01c833bd9fce	bf065700-4f03-401a-9a57-ca582a69831b	ac7986d1-fd2a-4b2a-883c-e2cc4e22de27	2026-03-11 22:20:48.570407+00
b40133e3-32b9-4b61-a76d-ec045d0fd11f	sale	1670	Закрытие чека (долг)	\N	9d27e1b1-1a86-4230-b1aa-452404dc28dc	a0261b03-0a6c-43d8-b5ce-77b769d0b3e5	ac7986d1-fd2a-4b2a-883c-e2cc4e22de27	2026-03-11 22:21:11.396546+00
1c2a892e-6964-4abb-ade2-c5c94977177a	cash_operation	-2000	Инкассация: 2000₽ — Тигр	\N	\N	\N	6a267077-8c76-4337-9144-b24dea885f62	2026-03-11 22:33:42.336964+00
b1bded44-7932-4848-b6fd-6008b5e3d56f	sale	0	Закрытие чека (наличные)	\N	eaf3d5b8-3b57-465c-9ada-7f39dda69afc	1af9d12c-f0d4-4417-9c48-7c1e458d328a	1af9d12c-f0d4-4417-9c48-7c1e458d328a	2026-03-12 16:25:26.787622+00
624374da-698a-4f19-81ed-1f7b5baa3fa8	sale	259	Закрытие чека (наличные)	\N	9f9511f9-78db-4157-8be7-bd15f93315e7	\N	1af9d12c-f0d4-4417-9c48-7c1e458d328a	2026-03-12 16:25:42.628352+00
8692bbd8-07c5-42e1-a958-706977d4d2b7	bonus_accrual	25	Начисление бонусов (5% от 500₽)	\N	84df56ba-23a5-4f20-9c72-b22f18a6b7b5	4b4e3556-4c07-4963-a8c1-72c0e9f13ee3	1af9d12c-f0d4-4417-9c48-7c1e458d328a	2026-03-12 16:26:00.21527+00
9b3625d0-61e7-4081-8a95-faf46658a071	sale	500	Закрытие чека (карта)	\N	84df56ba-23a5-4f20-9c72-b22f18a6b7b5	4b4e3556-4c07-4963-a8c1-72c0e9f13ee3	1af9d12c-f0d4-4417-9c48-7c1e458d328a	2026-03-12 16:26:01.179309+00
957e3ad5-e5e1-430c-b5e2-1a65e4e5988b	refund	25	Списание бонусов при возврате (полный)	\N	84df56ba-23a5-4f20-9c72-b22f18a6b7b5	4b4e3556-4c07-4963-a8c1-72c0e9f13ee3	1af9d12c-f0d4-4417-9c48-7c1e458d328a	2026-03-12 16:26:15.879811+00
8dcb9117-8d6b-489a-8740-f29f7406509a	refund	-500	Возврат по чеку (полный): 500₽	\N	84df56ba-23a5-4f20-9c72-b22f18a6b7b5	4b4e3556-4c07-4963-a8c1-72c0e9f13ee3	1af9d12c-f0d4-4417-9c48-7c1e458d328a	2026-03-12 16:26:16.075152+00
75d0b193-3aee-4e78-9252-1d39552bfddd	refund	-259	Возврат по чеку (полный): 259₽	\N	9f9511f9-78db-4157-8be7-bd15f93315e7	\N	1af9d12c-f0d4-4417-9c48-7c1e458d328a	2026-03-12 16:26:20.779346+00
0e622423-c507-4c58-8c17-47b04d7ec23d	refund	0	Возврат по чеку (полный): 0₽	\N	eaf3d5b8-3b57-465c-9ada-7f39dda69afc	1af9d12c-f0d4-4417-9c48-7c1e458d328a	1af9d12c-f0d4-4417-9c48-7c1e458d328a	2026-03-12 16:26:26.40719+00
5cb798ab-4286-4b44-9399-3ff004f23629	sale	259	Закрытие чека (наличные)	\N	2a666a7b-e0fc-4fd9-a3fa-435211baf9ab	\N	1af9d12c-f0d4-4417-9c48-7c1e458d328a	2026-03-12 16:35:18.062933+00
92a1dd83-40b3-4768-bc0c-f81efc70349b	sale	50	Закрытие чека (карта)	\N	1c332efa-ae9c-4d61-b64d-28b30b57f317	\N	1af9d12c-f0d4-4417-9c48-7c1e458d328a	2026-03-12 16:36:05.147813+00
7dcf7d11-4549-4da5-94fd-8bc369eb8481	refund	-50	Возврат по чеку (полный): 50₽	\N	1c332efa-ae9c-4d61-b64d-28b30b57f317	\N	1af9d12c-f0d4-4417-9c48-7c1e458d328a	2026-03-12 16:37:03.180993+00
decc9e04-91f1-4647-b3b6-4eb7428c0cbd	refund	-259	Возврат по чеку (полный): 259₽	\N	2a666a7b-e0fc-4fd9-a3fa-435211baf9ab	\N	1af9d12c-f0d4-4417-9c48-7c1e458d328a	2026-03-12 16:37:07.69904+00
567a7055-dae2-4ea2-b042-1bb00c4a111a	sale	0	Закрытие чека (наличные)	\N	93cced3a-6442-426b-8f46-a330ceb990d9	1af9d12c-f0d4-4417-9c48-7c1e458d328a	1af9d12c-f0d4-4417-9c48-7c1e458d328a	2026-03-12 18:28:20.378329+00
0e7b3ec7-ceaf-497d-8c95-595a058c108d	bonus_accrual	85	Начисление бонусов (5% от 1700₽)	\N	2232810e-deb4-4bde-8e04-3b655513bf6d	1af9d12c-f0d4-4417-9c48-7c1e458d328a	1af9d12c-f0d4-4417-9c48-7c1e458d328a	2026-03-12 18:29:18.231643+00
4d7a5436-6e24-4f84-bfa9-51407e467722	sale	1700	Закрытие чека (наличные)	\N	2232810e-deb4-4bde-8e04-3b655513bf6d	1af9d12c-f0d4-4417-9c48-7c1e458d328a	1af9d12c-f0d4-4417-9c48-7c1e458d328a	2026-03-12 18:29:18.614275+00
ebca4ab4-18af-4bb9-a8e3-2e9c24d8f329	refund	85	Списание бонусов при возврате (полный)	\N	2232810e-deb4-4bde-8e04-3b655513bf6d	1af9d12c-f0d4-4417-9c48-7c1e458d328a	1af9d12c-f0d4-4417-9c48-7c1e458d328a	2026-03-12 18:29:43.151993+00
f8383ebb-5800-435a-a45a-1badff1a5586	refund	-1700	Возврат по чеку (полный): 1700₽	\N	2232810e-deb4-4bde-8e04-3b655513bf6d	1af9d12c-f0d4-4417-9c48-7c1e458d328a	1af9d12c-f0d4-4417-9c48-7c1e458d328a	2026-03-12 18:29:43.315114+00
2fba165b-53ea-4bd2-a094-7afacd8d6d0d	revision	-1	Ревизия Бургер: было 1, факт 0, разница -1	d914a260-a7c0-469f-88d7-e70a7a960fe4	\N	\N	1af9d12c-f0d4-4417-9c48-7c1e458d328a	2026-03-12 19:52:02.204788+00
4fbb4a06-bc5e-4c1e-bf4c-f07ab6539fc0	supply	1920	Поставка #dbd7b0c4: 5 поз. на 1920₽	\N	\N	\N	1af9d12c-f0d4-4417-9c48-7c1e458d328a	2026-03-12 19:54:40.575417+00
0c0073c1-d8ae-4bc2-8939-c63d82e37b1f	supply	1920	Редактирование поставки #dbd7b0c4: убрали [Бургер: -4, Панини: -4, Булочка по-турецки: -3, Шаурма: -3, Сэндвич: -2], добавили [Бургер: +4, Панини: +4, Булочка по-турецки: +3, Шаурма: +3, Сэндвич: +2]	\N	\N	\N	1af9d12c-f0d4-4417-9c48-7c1e458d328a	2026-03-12 19:57:59.841673+00
f8009f83-6023-4509-9db4-7680a9e3778e	supply	1920	Редактирование поставки #dbd7b0c4: убрали [Бургер: -4, Панини: -4, Булочка по-турецки: -3, Шаурма: -3, Сэндвич: -2], добавили [Бургер: +4, Панини: +4, Булочка по-турецки: +3, Шаурма: +3, Сэндвич: +2]	\N	\N	\N	1af9d12c-f0d4-4417-9c48-7c1e458d328a	2026-03-12 20:00:01.253194+00
988dfe01-0fcd-49d5-9ea5-34a06cdd3052	debt_adjustment	720	Погашение долга (было -720₽, стало 0₽)	\N	\N	bf065700-4f03-401a-9a57-ca582a69831b	6a267077-8c76-4337-9144-b24dea885f62	2026-03-12 20:50:50.519138+00
a503fb64-7b36-43a7-affb-8ce856dde2c0	debt_adjustment	150	Погашение долга (было -150₽, стало 0₽)	\N	\N	0bbe7fea-7d2c-480f-97d3-0a1b728db0f6	6a267077-8c76-4337-9144-b24dea885f62	2026-03-12 20:51:01.775649+00
bc95ae4c-cd1a-4fa4-b8db-d7359a8cfada	bonus_accrual	50	Начисление бонусов (5% от 1000₽)	\N	aa76df4e-d310-4041-9c84-0670dd9e8182	010571ee-1f42-4936-a4e4-aa6da74c0ab8	1af9d12c-f0d4-4417-9c48-7c1e458d328a	2026-03-12 22:41:22.619562+00
78be1e0a-1355-4fbe-8866-795f0389f77f	sale	1000	Закрытие чека (карта)	\N	aa76df4e-d310-4041-9c84-0670dd9e8182	010571ee-1f42-4936-a4e4-aa6da74c0ab8	1af9d12c-f0d4-4417-9c48-7c1e458d328a	2026-03-12 22:41:26.784414+00
9f44455c-6ed5-4489-b426-f62adb117c1d	sale	370	Закрытие чека (долг)	\N	4fffc396-239d-4c8b-b996-e7159dddd377	cc6bbba1-2553-4993-bd13-36db1b4ec999	1af9d12c-f0d4-4417-9c48-7c1e458d328a	2026-03-12 22:47:48.653365+00
62bd9ecc-bc5a-4c49-8ea7-7303c09d80c0	bonus_accrual	31	Начисление бонусов (5% от 620₽)	\N	b4cfc36f-b8e3-491d-8b03-cf7d76124057	feba97f3-375d-4d93-a2f4-f76a8734505d	1af9d12c-f0d4-4417-9c48-7c1e458d328a	2026-03-12 22:56:48.681953+00
56f2abec-e056-4d78-8b90-61db1663fba7	sale	620	Закрытие чека (разд. оплата)	\N	b4cfc36f-b8e3-491d-8b03-cf7d76124057	feba97f3-375d-4d93-a2f4-f76a8734505d	1af9d12c-f0d4-4417-9c48-7c1e458d328a	2026-03-12 22:56:52.059589+00
1559319c-d72b-43a9-bd54-e692b2444000	sale	780	Закрытие чека (долг)	\N	8b1ba95b-dc4f-47cc-8370-5367a3af17c2	d2484a5e-4964-48db-98be-454729996ea6	1af9d12c-f0d4-4417-9c48-7c1e458d328a	2026-03-12 22:58:55.265244+00
19ef6b8a-2f82-43fe-8570-46a26fa84cd2	sale	750	Закрытие чека (долг)	\N	5b629e4e-12c9-4421-98eb-d165cfedaab4	8c1f97c3-50c5-41fb-a139-3e2ee4743b74	1af9d12c-f0d4-4417-9c48-7c1e458d328a	2026-03-12 22:59:01.217903+00
b0add0e4-4c76-4ef1-8bf0-b0af210f97bf	sale	300	Закрытие чека (долг)	\N	ab03efd1-0e6e-48c4-bc82-c3e0a47113e7	081fe3de-e50d-4204-b5ad-379c5f69ff8b	1af9d12c-f0d4-4417-9c48-7c1e458d328a	2026-03-12 22:59:12.048491+00
aacf83e6-ca7b-4056-899c-93964b2b2d20	debt_adjustment	750	Погашение долга (было -750₽, стало 0₽)	\N	\N	8c1f97c3-50c5-41fb-a139-3e2ee4743b74	6a267077-8c76-4337-9144-b24dea885f62	2026-03-12 23:07:44.88582+00
72ad101d-445d-4da3-9547-8f39fe9e05e9	debt_adjustment	780	Погашение долга (было -780₽, стало 0₽)	\N	\N	d2484a5e-4964-48db-98be-454729996ea6	6a267077-8c76-4337-9144-b24dea885f62	2026-03-12 23:08:11.015749+00
53843572-12c8-46e9-a8f4-3d34160f22bb	debt_adjustment	3000	Внесение депозита (было 0₽, стало 3000₽)	\N	\N	8c1f97c3-50c5-41fb-a139-3e2ee4743b74	6a267077-8c76-4337-9144-b24dea885f62	2026-03-13 17:11:50.606688+00
4baa0b3a-3e31-40a0-8043-0d5313fd6c21	bonus_accrual	37	Начисление бонусов (5% от 740₽)	\N	341edc17-01d7-4133-9ffd-bb1f35f96879	0bbe7fea-7d2c-480f-97d3-0a1b728db0f6	ac7986d1-fd2a-4b2a-883c-e2cc4e22de27	2026-03-13 20:45:38.568472+00
4d063934-eae1-42ec-aba0-b555ffc9ca5e	sale	740	Закрытие чека (наличные)	\N	341edc17-01d7-4133-9ffd-bb1f35f96879	0bbe7fea-7d2c-480f-97d3-0a1b728db0f6	ac7986d1-fd2a-4b2a-883c-e2cc4e22de27	2026-03-13 20:45:39.174813+00
5fa1c59a-5617-4009-8f34-4826911eebae	bonus_accrual	36	Начисление бонусов (5% от 730₽)	\N	9478c733-9477-47d4-9928-c785c308a329	ac59f3cb-1af9-46ca-9cbb-88dc64796eb8	ac7986d1-fd2a-4b2a-883c-e2cc4e22de27	2026-03-13 20:45:58.437228+00
ecc87ccc-788f-41d0-87b1-8b87e49b1d6d	sale	730	Закрытие чека (наличные)	\N	9478c733-9477-47d4-9928-c785c308a329	ac59f3cb-1af9-46ca-9cbb-88dc64796eb8	ac7986d1-fd2a-4b2a-883c-e2cc4e22de27	2026-03-13 20:45:58.845052+00
2d49d559-0e12-47c8-b03a-47aaeb02b774	bonus_accrual	25	Начисление бонусов (5% от 500₽)	\N	2a4be8b6-0064-4580-b8ae-bf9907d607a5	4be9a28e-b60b-4bb8-a383-13067f15d2b6	ac7986d1-fd2a-4b2a-883c-e2cc4e22de27	2026-03-13 21:36:48.680672+00
02628606-4f4c-4e33-911e-feea468ba008	sale	500	Закрытие чека (наличные)	\N	2a4be8b6-0064-4580-b8ae-bf9907d607a5	4be9a28e-b60b-4bb8-a383-13067f15d2b6	ac7986d1-fd2a-4b2a-883c-e2cc4e22de27	2026-03-13 21:36:49.530467+00
7a190ccc-e715-4033-abe6-5e3b7c58567d	sale	845	Закрытие чека (наличные)	\N	c5e96fb3-40c7-4aca-bdfa-1f44cf2f3844	\N	ac7986d1-fd2a-4b2a-883c-e2cc4e22de27	2026-03-13 21:40:57.414532+00
a4012558-a187-415e-b9bf-392e94ba4c70	bonus_accrual	81	Начисление бонусов (5% от 1620₽)	\N	984e2ac1-ea8d-4b19-80ac-f9875ac999f2	2450cc0f-6740-4a78-a706-4c6a069e371b	ac7986d1-fd2a-4b2a-883c-e2cc4e22de27	2026-03-13 21:43:35.310123+00
4f54cf29-a7e3-4819-9469-18298e79c761	bonus_accrual	81	Начисление бонусов (5% от 1620₽)	\N	984e2ac1-ea8d-4b19-80ac-f9875ac999f2	2450cc0f-6740-4a78-a706-4c6a069e371b	ac7986d1-fd2a-4b2a-883c-e2cc4e22de27	2026-03-13 21:43:35.891354+00
b3db49bc-8b37-4438-998e-f179ceec252d	sale	1620	Закрытие чека (наличные)	\N	984e2ac1-ea8d-4b19-80ac-f9875ac999f2	2450cc0f-6740-4a78-a706-4c6a069e371b	ac7986d1-fd2a-4b2a-883c-e2cc4e22de27	2026-03-13 21:43:36.125301+00
52b6e379-43aa-42b0-9d46-6f0201dfbcc6	sale	1620	Закрытие чека (наличные)	\N	984e2ac1-ea8d-4b19-80ac-f9875ac999f2	2450cc0f-6740-4a78-a706-4c6a069e371b	ac7986d1-fd2a-4b2a-883c-e2cc4e22de27	2026-03-13 21:43:36.772799+00
83557f90-98c9-4836-ad30-5cf06e9cc13f	sale	1700	Закрытие чека (наличные)	\N	07458c69-7a00-40d7-b1fe-a49b6540f970	\N	ac7986d1-fd2a-4b2a-883c-e2cc4e22de27	2026-03-13 21:44:04.670782+00
cd5d6cf6-7330-4bdc-94fd-db99c740dc72	bonus_accrual	26	Начисление бонусов (5% от 530₽)	\N	3cc7b51c-b0b1-4c09-90c1-952b3a51f67d	c3d56713-377d-4a63-b222-b3c4ad078414	ac7986d1-fd2a-4b2a-883c-e2cc4e22de27	2026-03-13 21:44:29.752219+00
9bcc048b-871e-4877-b273-a2b5c8a71d89	sale	530	Закрытие чека (карта)	\N	3cc7b51c-b0b1-4c09-90c1-952b3a51f67d	c3d56713-377d-4a63-b222-b3c4ad078414	ac7986d1-fd2a-4b2a-883c-e2cc4e22de27	2026-03-13 21:44:30.607219+00
d99a3140-b753-4f88-8d03-f9f247d87a47	bonus_accrual	34	Начисление бонусов (5% от 680₽)	\N	91802f87-04d0-485e-aff5-ecab5a6ba46f	be01bf28-921a-4e02-8eb9-7b1af57cf399	ac7986d1-fd2a-4b2a-883c-e2cc4e22de27	2026-03-13 22:22:05.479413+00
181a0bda-de43-428c-b008-49b252ee1475	sale	680	Закрытие чека (карта)	\N	91802f87-04d0-485e-aff5-ecab5a6ba46f	be01bf28-921a-4e02-8eb9-7b1af57cf399	ac7986d1-fd2a-4b2a-883c-e2cc4e22de27	2026-03-13 22:22:05.914953+00
f5ca92db-548a-49f2-bb83-f17b0e0c7cac	bonus_accrual	90	Начисление бонусов (5% от 1800₽)	\N	004b0157-7132-4397-b199-ab263755c3a5	a06d7cb3-870d-4914-8625-dea07dc08ff3	ac7986d1-fd2a-4b2a-883c-e2cc4e22de27	2026-03-13 22:44:18.836212+00
5fffd932-d4da-4b10-9342-00cdda5bfee4	sale	1800	Закрытие чека (карта)	\N	004b0157-7132-4397-b199-ab263755c3a5	a06d7cb3-870d-4914-8625-dea07dc08ff3	ac7986d1-fd2a-4b2a-883c-e2cc4e22de27	2026-03-13 22:44:19.246854+00
99024ffc-6070-4f85-8f8d-4cdce3304891	sale	300	Закрытие чека (долг)	\N	e9ddc526-44f4-44f1-bbef-7bf7f564aa46	081fe3de-e50d-4204-b5ad-379c5f69ff8b	ac7986d1-fd2a-4b2a-883c-e2cc4e22de27	2026-03-13 22:44:40.964129+00
8dbfc589-4652-4f6f-8d52-1e05ec475d26	debt_adjustment	-150	Оплата с депозита по чеку (было 3000₽, стало 2850₽)	\N	8132a380-b884-4833-a5cb-ea998ecb0b4d	8c1f97c3-50c5-41fb-a139-3e2ee4743b74	ac7986d1-fd2a-4b2a-883c-e2cc4e22de27	2026-03-13 22:45:24.472076+00
b56bbd05-4fb6-4faf-8bc7-199776fb078d	sale	150	Закрытие чека (депозит)	\N	8132a380-b884-4833-a5cb-ea998ecb0b4d	8c1f97c3-50c5-41fb-a139-3e2ee4743b74	ac7986d1-fd2a-4b2a-883c-e2cc4e22de27	2026-03-13 22:45:24.662524+00
d4e94651-b44e-4a2f-9434-fc1893b997e6	sale	800	Закрытие чека (долг)	\N	519b1476-1c61-4793-8c52-870842718ba3	a0261b03-0a6c-43d8-b5ce-77b769d0b3e5	ac7986d1-fd2a-4b2a-883c-e2cc4e22de27	2026-03-13 22:46:02.744777+00
b96abec9-e13e-4128-aa42-d60c29acce14	sale	490	Закрытие чека (долг)	\N	351368ad-7e27-40fe-8040-953f52c8d3b3	cc6bbba1-2553-4993-bd13-36db1b4ec999	ac7986d1-fd2a-4b2a-883c-e2cc4e22de27	2026-03-13 22:46:11.278293+00
13f4a6bc-143e-4fa4-960d-232b8fa62b07	debt_adjustment	-250	Оплата с депозита по чеку (было 2850₽, стало 2600₽)	\N	dd9fe8e4-c091-46f4-8f9e-55beb70a0564	8c1f97c3-50c5-41fb-a139-3e2ee4743b74	ac7986d1-fd2a-4b2a-883c-e2cc4e22de27	2026-03-13 23:29:21.714058+00
517b8bf9-5efd-4fbc-873d-04f9c3f9934f	sale	250	Закрытие чека (депозит)	\N	dd9fe8e4-c091-46f4-8f9e-55beb70a0564	8c1f97c3-50c5-41fb-a139-3e2ee4743b74	ac7986d1-fd2a-4b2a-883c-e2cc4e22de27	2026-03-13 23:29:22.088355+00
0c046777-09ce-4b84-a4fe-821bc7cca478	sale	250	Закрытие чека (долг)	\N	c082a7ea-f4ea-4a56-8a28-183bc608b4c8	081fe3de-e50d-4204-b5ad-379c5f69ff8b	ac7986d1-fd2a-4b2a-883c-e2cc4e22de27	2026-03-13 23:40:26.835016+00
05921b21-770a-4e90-8d24-a5520e77da5c	debt_adjustment	-300	Оплата с депозита по чеку (было 2600₽, стало 2300₽)	\N	2327ca2e-b962-44cb-b1b9-f8fa48aafa0c	8c1f97c3-50c5-41fb-a139-3e2ee4743b74	1af9d12c-f0d4-4417-9c48-7c1e458d328a	2026-03-13 23:46:57.258132+00
476875a2-fe99-4c58-b187-6e38cde0f3ec	sale	300	Закрытие чека (депозит)	\N	2327ca2e-b962-44cb-b1b9-f8fa48aafa0c	8c1f97c3-50c5-41fb-a139-3e2ee4743b74	1af9d12c-f0d4-4417-9c48-7c1e458d328a	2026-03-13 23:46:57.635104+00
57a142f7-a49e-467f-8223-bf2c7de3aa20	debt_adjustment	300	Погашение долга: Ошибка (было -1400₽, стало -1100₽)	\N	\N	081fe3de-e50d-4204-b5ad-379c5f69ff8b	1af9d12c-f0d4-4417-9c48-7c1e458d328a	2026-03-14 17:02:05.493218+00
e9ff0fe7-df2f-42ad-9b29-a273ef57e24d	debt_adjustment	-440	Оплата с депозита по чеку (было 2300₽, стало 1860₽)	\N	06628ecc-9530-4ba0-b41e-15c3ad6b7964	8c1f97c3-50c5-41fb-a139-3e2ee4743b74	6a267077-8c76-4337-9144-b24dea885f62	2026-03-14 20:10:07.939538+00
71849ca3-d3e3-4774-9908-409e8609b1f6	sale	440	Закрытие чека (депозит)	\N	06628ecc-9530-4ba0-b41e-15c3ad6b7964	8c1f97c3-50c5-41fb-a139-3e2ee4743b74	6a267077-8c76-4337-9144-b24dea885f62	2026-03-14 20:10:08.155217+00
862057fc-6f7c-4452-ba62-e0b8640725ab	sale	60	Закрытие чека (карта)	\N	6ab67766-e9dd-412a-9ed9-8f19eec6bace	7e2904a8-4ee6-4487-8b9e-ece3f0709148	6a267077-8c76-4337-9144-b24dea885f62	2026-03-14 20:29:57.605063+00
8e6306c4-edd9-4d11-bbad-f2af690cdc1e	bonus_accrual	25	Начисление бонусов (5% от 500₽)	\N	1ef19d56-a99b-4b6e-ac55-935a40cad78c	c81d5987-42e6-4655-acc3-c6f73af47d44	6a267077-8c76-4337-9144-b24dea885f62	2026-03-14 20:36:23.816853+00
db588350-171c-4993-b1a8-93f3c1cda3c2	sale	500	Закрытие чека (наличные)	\N	1ef19d56-a99b-4b6e-ac55-935a40cad78c	c81d5987-42e6-4655-acc3-c6f73af47d44	6a267077-8c76-4337-9144-b24dea885f62	2026-03-14 20:36:24.252123+00
78496d2f-cdd0-41cd-9c2d-21baccfd132d	bonus_accrual	28	Начисление бонусов (5% от 560₽)	\N	d23c3287-b006-45b9-b082-bfc1ced975de	6a6082d5-224d-4dcc-82bb-0dcaf75d39dc	6a267077-8c76-4337-9144-b24dea885f62	2026-03-14 20:42:27.267329+00
359491a7-657e-42f1-a42d-1930cf354745	sale	560	Закрытие чека (наличные)	\N	d23c3287-b006-45b9-b082-bfc1ced975de	6a6082d5-224d-4dcc-82bb-0dcaf75d39dc	6a267077-8c76-4337-9144-b24dea885f62	2026-03-14 20:42:27.702025+00
29b6360c-88e0-4ff8-8f1d-f838c2c27872	bonus_accrual	50	Начисление бонусов (5% от 1000₽)	\N	f98aa8c4-1ebd-4428-8454-2099b5f4c3df	010571ee-1f42-4936-a4e4-aa6da74c0ab8	6a267077-8c76-4337-9144-b24dea885f62	2026-03-14 20:42:43.504511+00
62284471-b984-41cc-b6a1-2c5b84e7156e	sale	1000	Закрытие чека (карта)	\N	f98aa8c4-1ebd-4428-8454-2099b5f4c3df	010571ee-1f42-4936-a4e4-aa6da74c0ab8	6a267077-8c76-4337-9144-b24dea885f62	2026-03-14 20:42:43.944976+00
ef90b0c4-89f3-43b0-89ce-1a18fecb2a39	sale	350	Закрытие чека (карта)	\N	02c294d8-b620-4565-acfe-3e9010586dcb	b92a0043-0d04-4d2f-b7ad-9bc5b4db24e1	6a267077-8c76-4337-9144-b24dea885f62	2026-03-14 20:42:50.956612+00
3e2f3165-d4b4-44b0-a7fb-749fd7ee5e95	bonus_accrual	37	Начисление бонусов (5% от 750₽)	\N	3e7ab41e-5fd5-472f-8b3f-6a7a407adb26	00f2e6fe-74cc-4e38-a333-8dc1feee1b01	6a267077-8c76-4337-9144-b24dea885f62	2026-03-14 22:09:16.44508+00
183e22f4-84cc-47a3-8bad-3224e701660d	sale	750	Закрытие чека (карта)	\N	3e7ab41e-5fd5-472f-8b3f-6a7a407adb26	00f2e6fe-74cc-4e38-a333-8dc1feee1b01	6a267077-8c76-4337-9144-b24dea885f62	2026-03-14 22:09:16.863704+00
71a2ba48-836a-4ac6-95eb-08715fd5b2f2	sale	690	Закрытие чека (наличные)	\N	7becb69c-d79d-4c48-8653-8fae71655e43	\N	6a267077-8c76-4337-9144-b24dea885f62	2026-03-14 23:02:16.456283+00
bbcf10b2-4b2c-43de-bf48-a6095533accc	bonus_accrual	120	Начисление бонусов (5% от 2410₽)	\N	62a6e48f-cccc-43de-9959-ff600142c384	5386c853-1481-40c3-9050-b9b93705181a	6a267077-8c76-4337-9144-b24dea885f62	2026-03-14 23:02:59.100791+00
2beeed09-41dd-47e7-adba-6ac885e994c2	sale	2410	Закрытие чека (наличные)	\N	62a6e48f-cccc-43de-9959-ff600142c384	5386c853-1481-40c3-9050-b9b93705181a	6a267077-8c76-4337-9144-b24dea885f62	2026-03-14 23:02:59.531757+00
7e4dc5ff-ebd0-4758-b138-1ad8dcbc19c7	bonus_accrual	120	Начисление бонусов (5% от 2410₽)	\N	62a6e48f-cccc-43de-9959-ff600142c384	5386c853-1481-40c3-9050-b9b93705181a	6a267077-8c76-4337-9144-b24dea885f62	2026-03-14 23:03:08.773162+00
aee5d1df-4a09-453f-89c0-ef308e8943d7	sale	2410	Закрытие чека (наличные)	\N	62a6e48f-cccc-43de-9959-ff600142c384	5386c853-1481-40c3-9050-b9b93705181a	6a267077-8c76-4337-9144-b24dea885f62	2026-03-14 23:03:09.209313+00
9e50b04d-cb59-4b5a-9b43-df0c928c13b0	sale	920	Закрытие чека (карта)	\N	f5e107aa-2b01-4918-b1d1-4247d59f2bdc	\N	6a267077-8c76-4337-9144-b24dea885f62	2026-03-14 23:03:46.364226+00
05660702-74d3-4aee-87a8-b698274cebf1	sale	700	Закрытие чека (карта)	\N	634a04c5-02c3-4806-b042-fe9bcde044c8	\N	6a267077-8c76-4337-9144-b24dea885f62	2026-03-14 23:04:24.476223+00
b371a96f-b244-4686-a4d5-e54342905b11	bonus_accrual	37	Начисление бонусов (5% от 740₽)	\N	fb975ba1-2bd5-42be-aada-5806eb7af0de	4b4e3556-4c07-4963-a8c1-72c0e9f13ee3	6a267077-8c76-4337-9144-b24dea885f62	2026-03-14 23:04:32.383242+00
372bdd3c-c589-4262-9cd1-e1e1a93b0385	sale	740	Закрытие чека (карта)	\N	fb975ba1-2bd5-42be-aada-5806eb7af0de	4b4e3556-4c07-4963-a8c1-72c0e9f13ee3	6a267077-8c76-4337-9144-b24dea885f62	2026-03-14 23:04:32.818807+00
f37d2e76-045e-485a-a6f9-5827220e6ece	bonus_accrual	72	Начисление бонусов (5% от 1450₽)	\N	4fcc58b9-456d-4a4b-a4ec-7646253375e6	0294bf15-61fe-43d7-b9ee-60e55e16295c	6a267077-8c76-4337-9144-b24dea885f62	2026-03-14 23:04:55.933786+00
3cd47cc0-dde4-4813-87dc-06daa8118f60	sale	1450	Закрытие чека (карта)	\N	4fcc58b9-456d-4a4b-a4ec-7646253375e6	0294bf15-61fe-43d7-b9ee-60e55e16295c	6a267077-8c76-4337-9144-b24dea885f62	2026-03-14 23:04:56.403366+00
923fe7ee-976a-4e75-bfe3-0242520fc69f	bonus_accrual	72	Начисление бонусов (5% от 1450₽)	\N	4fcc58b9-456d-4a4b-a4ec-7646253375e6	0294bf15-61fe-43d7-b9ee-60e55e16295c	6a267077-8c76-4337-9144-b24dea885f62	2026-03-14 23:05:16.820631+00
1cad76d2-33c8-49ec-96d2-d24195d9042b	sale	1450	Закрытие чека (карта)	\N	4fcc58b9-456d-4a4b-a4ec-7646253375e6	0294bf15-61fe-43d7-b9ee-60e55e16295c	6a267077-8c76-4337-9144-b24dea885f62	2026-03-14 23:05:17.245963+00
f6f68cd3-d5c6-45ad-afc6-29f7ea9dbe08	bonus_accrual	107	Начисление бонусов (5% от 2150₽)	\N	de6170f7-b923-470a-8520-a78e1a550fb5	a06d7cb3-870d-4914-8625-dea07dc08ff3	6a267077-8c76-4337-9144-b24dea885f62	2026-03-14 23:05:48.566813+00
e8c7da04-9b84-4e2c-b79e-04e1c93c25ab	sale	2150	Закрытие чека (карта)	\N	de6170f7-b923-470a-8520-a78e1a550fb5	a06d7cb3-870d-4914-8625-dea07dc08ff3	6a267077-8c76-4337-9144-b24dea885f62	2026-03-14 23:05:48.98004+00
cfe70e78-de9d-4698-bab1-91b02511ac96	sale	820	Закрытие чека (долг)	\N	85767c48-d638-4c88-8c19-39fecd20e0c1	a0261b03-0a6c-43d8-b5ce-77b769d0b3e5	6a267077-8c76-4337-9144-b24dea885f62	2026-03-14 23:09:12.293262+00
75b33918-2d39-437f-b773-469da2bc9721	sale	820	Закрытие чека (долг)	\N	85767c48-d638-4c88-8c19-39fecd20e0c1	a0261b03-0a6c-43d8-b5ce-77b769d0b3e5	6a267077-8c76-4337-9144-b24dea885f62	2026-03-14 23:09:19.966025+00
dd534b68-74af-4738-8499-62dc0acd207f	sale	550	Закрытие чека (долг)	\N	b7e17bf4-929d-4f07-ad2b-1c76c066bcaf	081fe3de-e50d-4204-b5ad-379c5f69ff8b	6a267077-8c76-4337-9144-b24dea885f62	2026-03-14 23:28:35.679338+00
49a50654-7280-4a3c-8e03-621c71c8fb07	sale	550	Закрытие чека (долг)	\N	b7e17bf4-929d-4f07-ad2b-1c76c066bcaf	081fe3de-e50d-4204-b5ad-379c5f69ff8b	6a267077-8c76-4337-9144-b24dea885f62	2026-03-14 23:28:43.120304+00
92215d9c-87df-4a70-8928-788f7f4892c1	supply	1950.24	Поставка #eaa8dd5e: 2 поз. на 1950.24₽	\N	\N	\N	1af9d12c-f0d4-4417-9c48-7c1e458d328a	2026-03-16 14:34:08.898113+00
80acf44e-6bad-4179-8a2a-ce54fae6b013	sale	1120	Закрытие чека (долг)	\N	2ff6d099-adea-43cb-bd70-b3ff04ff2cc0	a0261b03-0a6c-43d8-b5ce-77b769d0b3e5	6a267077-8c76-4337-9144-b24dea885f62	2026-03-16 21:02:54.365673+00
8973d583-699d-437d-a042-7fc6990b9c0c	sale	4155	Закрытие чека (карта)	\N	683fefef-46d4-43b3-b92f-9fd500488fb4	\N	6a267077-8c76-4337-9144-b24dea885f62	2026-03-16 22:36:11.144601+00
af2d3667-3ca1-4561-b2ae-ecc343739e23	sale	300	Закрытие чека (наличные)	\N	d9eb0851-9d8e-4c8b-92b5-cd734ee9c0c1	\N	1af9d12c-f0d4-4417-9c48-7c1e458d328a	2026-03-17 16:30:20.935482+00
\.


--
-- Data for Name: user_notification_settings; Type: TABLE DATA; Schema: public; Owner: postgres
--

COPY "public"."user_notification_settings" ("user_id", "types", "updated_at") FROM stdin;
6a267077-8c76-4337-9144-b24dea885f62	{"refund": {"channel": "both", "enabled": false}, "supply": {"channel": "both", "enabled": true}, "birthday": {"channel": "both", "enabled": true}, "revision": {"channel": "both", "enabled": true}, "shift_open": {"channel": "both", "enabled": true}, "shift_close": {"channel": "both", "enabled": true}, "payment_card": {"channel": "both", "enabled": false}, "payment_cash": {"channel": "both", "enabled": false}, "payment_debt": {"channel": "both", "enabled": false}, "payment_deposit": {"channel": "both", "enabled": false}}	2026-03-12 20:37:51.801+00
1af9d12c-f0d4-4417-9c48-7c1e458d328a	{"refund": {"channel": "both", "enabled": true}, "supply": {"channel": "both", "enabled": true}, "birthday": {"channel": "both", "enabled": true}, "revision": {"channel": "both", "enabled": true}, "shift_open": {"channel": "both", "enabled": true}, "shift_close": {"channel": "both", "enabled": true}, "payment_card": {"channel": "both", "enabled": false}, "payment_cash": {"channel": "both", "enabled": false}, "payment_debt": {"channel": "both", "enabled": false}, "payment_deposit": {"channel": "both", "enabled": false}}	2026-03-12 20:38:21.27+00
\.


--
-- PostgreSQL database dump complete
--

\unrestrict GldPkI72ww7K0EDnz0s1BGMTDXcx54vuQ031Oor4CsNmj3Mpc7vdcsKy3dLN9eE

